policy,base_price,proposed_price,price_delta,price_delta_pct,acceptance_probability,expected_revenue
demand_supply,284.25727302188227,426.3859095328234,142.12863651094113,0.5,0.11920292202211755,50.82644632537082
demand_supply,173.87475274940766,216.22885918836593,42.35410643895827,0.24358974358974356,0.27401251927654147,59.24941444649669
demand_supply,329.7954689622466,388.30756829425803,58.51209933201142,0.17741935483870944,0.3296701226393353,128.0134036613501
demand_supply,470.2012317513198,940.4024635026396,470.2012317513198,1.0,0.05,47.020123175131985
demand_supply,579.6814223640141,1159.3628447280282,579.6814223640141,1.0,0.05,57.96814223640141
demand_supply,339.9553606047221,456.5114842406269,116.55612363590478,0.342857142857143,0.2023891372761674,92.39296545212316
demand_supply,104.06154127359152,164.56243736288891,60.5008960892974,0.5813953488372093,0.08902636491483315,14.650395599942922
demand_supply,235.81186355604996,305.34613101488515,69.53426745883519,0.29487179487179466,0.23514441525703894,71.80043742849438
demand_supply,501.4125174833056,1002.8250349666112,501.4125174833056,1.0,0.05,50.14125174833056
demand_supply,398.99336457061025,797.9867291412205,398.99336457061025,1.0,0.05,39.899336457061025
demand_supply,669.2986264658781,1338.5972529317562,669.2986264658781,1.0,0.05,66.92986264658781
demand_supply,414.9901047325251,535.1188192603613,120.12871452783622,0.2894736842105263,0.23905003288236595,127.92017134016221
demand_supply,490.41072171830416,980.8214434366083,490.41072171830416,1.0,0.05,49.04107217183042
demand_supply,296.24287599192223,370.30359498990276,74.06071899798053,0.24999999999999992,0.2689414213699952,99.58997517500349
demand_supply,327.0888648717375,654.177729743475,327.0888648717375,1.0,0.05,32.70888648717375
demand_supply,445.1368684239125,890.273736847825,445.1368684239125,1.0,0.05,44.51368684239125
demand_supply,244.5361718306458,288.20334537183254,43.66717354118674,0.17857142857142855,0.32865254651727005,94.71876337124904
demand_supply,47.31430863361691,94.62861726723382,47.31430863361691,1.0,0.05,4.731430863361691
demand_supply,129.8082629093964,259.6165258187928,129.8082629093964,1.0,0.05,12.98082629093964
demand_supply,382.9481103198511,765.8962206397022,382.9481103198511,1.0,0.05,38.29481103198511
demand_supply,82.77279318243978,129.67737598582232,46.90458280338254,0.5666666666666667,0.09392149601927116,12.17949315244194
demand_supply,64.07117255500656,96.10675883250983,32.03558627750327,0.4999999999999999,0.1192029220221176,11.456206478910131
demand_supply,390.6687658288554,781.3375316577108,390.6687658288554,1.0,0.05,39.06687658288554
demand_supply,212.16652497375455,318.2497874606318,106.08326248687726,0.49999999999999994,0.11920292202211757,37.936304598225185
demand_supply,235.65813370551408,415.50249890182744,179.84436519631336,0.763157894736842,0.05,20.775124945091374
demand_supply,406.5574980533908,813.1149961067816,406.5574980533908,1.0,0.05,40.655749805339084
demand_supply,182.4744270596517,290.3002248676277,107.82579780797602,0.5909090909090909,0.08598796739923159,24.962326271907173
demand_supply,652.617297300081,748.3345009040927,95.71720360401173,0.14666666666666645,0.3574000407172974,267.45478109328116
demand_supply,403.22709836941993,580.4026415923469,177.17554322292693,0.4393939393939394,0.14709421909266443,85.37387332434587
demand_supply,537.7848594528473,672.2310743160591,134.44621486321182,0.25,0.2689414213699951,180.79078061563973
demand_supply,286.13145256368455,572.2629051273691,286.13145256368455,1.0,0.05,28.613145256368455
demand_supply,485.0546633356366,567.3407222943607,82.28605895872414,0.16964285714285732,0.3365802194814207,190.9556648305837
demand_supply,171.0859835160851,342.1719670321702,171.0859835160851,1.0,0.05,17.10859835160851
demand_supply,485.8784537318511,597.2255993787336,111.3471456468825,0.22916666666666657,0.28563757050894417,170.59006925228945
demand_supply,294.7328864777875,460.5201351215429,165.78724864375545,0.5625,0.09534946489910949,43.91034845910472
demand_supply,392.83872040801793,634.9370015897034,242.09828118168548,0.6162790697674418,0.07834012885918892,49.74104652200441
demand_supply,456.1809467866996,808.6844056673311,352.5034588806315,0.7727272727272727,0.05,40.43422028336656
demand_supply,502.5293207873478,670.0390943831304,167.50977359578263,0.3333333333333334,0.20860852732604487,139.7758687301416
demand_supply,244.21766165291973,488.43532330583946,244.21766165291973,1.0,0.05,24.421766165291974
demand_supply,634.7265312250814,1269.4530624501629,634.7265312250814,1.0,0.05,63.47265312250815
demand_supply,345.40676830595487,518.1101524589324,172.7033841529775,0.5000000000000001,0.11920292202211753,61.76024410242954
demand_supply,151.15212964816465,302.3042592963293,151.15212964816465,1.0,0.05,15.115212964816465
demand_supply,530.7599938912294,583.1807340286348,52.420740137405346,0.09876543209876537,0.4024993887977881,234.72988900517095
demand_supply,482.85016419959805,965.7003283991961,482.85016419959805,1.0,0.05,48.28501641995981
demand_supply,355.9595074862448,598.6591716814116,242.69966419516686,0.6818181818181818,0.0613831074034922,36.747560233405764
demand_supply,303.9609626071891,592.7238770840188,288.7629144768297,0.9500000000000001,0.05,29.63619385420094
demand_supply,514.8771742414517,826.9239465089981,312.04677226754643,0.606060606060606,0.08134267229951792,67.26420359750551
demand_supply,361.13235495172165,722.2647099034433,361.13235495172165,1.0,0.05,36.11323549517217
demand_supply,80.26246462184758,117.52718033913398,37.26471571728639,0.46428571428571447,0.1350364229228023,15.87045002919975
demand_supply,420.6239113101238,841.2478226202476,420.6239113101238,1.0,0.05,42.06239113101238
demand_supply,520.8926706123274,1009.2295493113843,488.3368786990569,0.9375,0.05,50.46147746556922
demand_supply,183.07579104191225,366.1515820838245,183.07579104191225,1.0,0.05,18.307579104191227
demand_supply,190.13746358777752,285.20619538166625,95.06873179388873,0.49999999999999983,0.11920292202211763,33.997411868305605
demand_supply,522.3021028701461,556.5004548437865,34.198351973640456,0.06547619047619035,0.43489553331243763,242.01956209790268
demand_supply,410.6863449474928,757.2029484969398,346.51660354944704,0.84375,0.05,37.86014742484699
demand_supply,584.9958711291002,808.3579310147567,223.36205988565644,0.3818181818181818,0.17839306882269326,144.20545202088542
demand_supply,301.62262644973293,392.10941438465284,90.4867879349199,0.3000000000000001,0.23147521650098227,90.76361158676089
demand_supply,413.5870840445325,827.174168089065,413.5870840445325,1.0,0.05,41.35870840445325
demand_supply,273.11810461931896,546.2362092386379,273.11810461931896,1.0,0.05,27.3118104619319
demand_supply,247.1745626508575,404.46746615594867,157.29290350509118,0.6363636363636366,0.07273244715626785,29.417908608617093
demand_supply,213.44325079724317,286.2079953872124,72.76474458996924,0.34090909090909083,0.2036499335022193,58.28623922840929
demand_supply,295.79438015283176,371.6390930125322,75.84471285970045,0.2564102564102564,0.2639300545490869,98.0867260913708
demand_supply,145.0698091748401,224.85820422100215,79.78839504616207,0.5500000000000002,0.09975048911968508,22.429715853619
demand_supply,297.0186264188845,594.037252837769,297.0186264188845,1.0,0.05,29.70186264188845
demand_supply,666.6870291344428,744.8144153611353,78.12738622669247,0.11718749999999992,0.38491214448393357,286.6881138592018
demand_supply,449.5456339145253,801.3639561085016,351.8183221939763,0.782608695652174,0.05,40.068197805425086
demand_supply,624.9860100296204,743.5178395179967,118.53182948837627,0.1896551724137931,0.31894580429533465,237.141895332997
demand_supply,96.03520851587072,139.25105234801254,43.215843832141815,0.4499999999999999,0.14185106490048782,19.752910064079153
demand_supply,637.7593915947267,821.7284468624363,183.96905526770956,0.2884615384615384,0.23978726870258613,197.04001988836177
demand_supply,295.5887110300315,591.177422060063,295.5887110300315,1.0,0.05,29.558871103003153
demand_supply,353.33854512223814,633.9309191898978,280.5923740676597,0.7941176470588235,0.05,31.696545959494895
demand_supply,62.25429041832141,69.92947690825144,7.675186489930034,0.12328767123287668,0.37915162817974424,26.51387502752136
demand_supply,266.0685899337195,532.137179867439,266.0685899337195,1.0,0.05,26.606858993371954
demand_supply,340.1282671016029,441.2474816453227,101.1192145437198,0.29729729729729737,0.2334039800018136,102.9889183817955
demand_supply,443.258155352454,592.7289286689793,149.47077331652525,0.33720930232558155,0.20606053886740883,122.1380424438318
demand_supply,265.05527443495566,530.1105488699113,265.05527443495566,1.0,0.05,26.505527443495566
demand_supply,221.43438547917532,271.76038217898787,50.32599669981255,0.22727272727272715,0.2871859013825027,78.04575031612606
demand_supply,393.2308288248255,786.461657649651,393.2308288248255,1.0,0.05,39.32308288248255
demand_supply,151.58040412487964,197.05452536234353,45.47412123746389,0.3,0.23147521650098238,45.61323892074679
demand_supply,313.9950046053331,627.9900092106662,313.9950046053331,1.0,0.05,31.399500460533314
demand_supply,366.1515260551269,532.5840378983664,166.43251184323952,0.4545454545454546,0.13965218341676008,74.37652374542137
demand_supply,425.97356882411634,851.9471376482327,425.97356882411634,1.0,0.05,42.59735688241164
demand_supply,359.0531279855558,718.1062559711116,359.0531279855558,1.0,0.05,35.905312798555585
demand_supply,260.34417984860374,520.6883596972075,260.34417984860374,1.0,0.05,26.034417984860376
demand_supply,320.30170917475425,640.6034183495085,320.30170917475425,1.0,0.05,32.030170917475424
demand_supply,454.49212153190336,721.8404283153759,267.34830678347254,0.588235294117647,0.08683227582927894,62.67904717620557
demand_supply,45.11502370436019,52.63419432175355,7.519170617393357,0.1666666666666665,0.339243631234183,17.85581520879729
demand_supply,223.6621142931812,365.09551009622226,141.43339580304107,0.6323529411764707,0.07382185545599904,26.952027973957556
demand_supply,173.1577542620492,346.3155085240984,173.1577542620492,1.0,0.05,17.31577542620492
demand_supply,592.240499627505,880.7679225229562,288.5274228954512,0.4871794871794873,0.1246932201296031,109.82578844624818
demand_supply,379.3078104185831,604.5218228546167,225.21401243603367,0.5937499999999999,0.08509904500702027,51.44422981083097
demand_supply,360.71117031918743,408.17316641381734,47.46199609462991,0.13157894736842102,0.3713765807843271,151.58595491067564
demand_supply,203.49261837786295,406.9852367557259,203.49261837786295,1.0,0.05,20.349261837786297
demand_supply,553.5451307734787,1107.0902615469574,553.5451307734787,1.0,0.05,55.354513077347875
demand_supply,283.46644254307614,566.9328850861523,283.46644254307614,1.0,0.05,28.346644254307616
demand_supply,435.14534513079855,593.3800160874526,158.2346709566541,0.3636363636363638,0.18930300168589798,112.32861818578121
demand_supply,685.7681264991488,1186.9063727869884,501.1382462878396,0.7307692307692308,0.05102450721573802,60.56131278267513
demand_supply,630.8608868741742,830.633501050996,199.77261417682178,0.3166666666666666,0.21982839774068252,182.596831645774
demand_supply,546.1568747653598,883.489062120435,337.33218735507523,0.6176470588235295,0.0779459479396332,68.8643924412748
demand_supply,115.35700254441711,209.29056175915676,93.93355921473965,0.8142857142857143,0.05,10.464528087957838
demand_supply,404.0498951423794,480.6800476693824,76.63015252700302,0.18965517241379318,0.31894580429533453,153.3108844126309
demand_supply,156.03832988580584,180.1871190347996,24.148789148993757,0.15476190476190474,0.3499980865814965,63.06514688881221
demand_supply,501.26295506529306,678.1792921471613,176.91633708186822,0.3529411764705884,0.19595586512068822,132.89320989963295
demand_supply,562.4369764527329,1124.8739529054658,562.4369764527329,1.0,0.05,56.24369764527329
demand_supply,216.8024750869831,269.8498892040109,53.047414117027785,0.2446808510638298,0.27314516158481605,73.70819159027425
demand_supply,120.09069016935676,187.64170338961995,67.55101322026319,0.5625000000000001,0.09534946489910946,17.891536010957676
demand_supply,221.1576532597614,284.3455541911218,63.18790093136039,0.2857142857142857,0.24179617240741008,68.75366664447705
demand_supply,492.7012709061221,985.4025418122442,492.7012709061221,1.0,0.05,49.27012709061221
demand_supply,754.2344800100251,1051.9586168560877,297.7241368460626,0.3947368421052633,0.17094461198713198,179.82665758498396
demand_supply,211.52772882563164,387.80083618032467,176.27310735469302,0.8333333333333333,0.05,19.390041809016235
demand_supply,460.75927538572495,921.5185507714499,460.75927538572495,1.0,0.05,46.0759275385725
demand_supply,164.10747354764283,240.30022912333416,76.19275557569134,0.4642857142857144,0.13503642292280232,32.44928336834485
demand_supply,213.6962129956236,259.48825863754297,45.79204564191937,0.21428571428571444,0.29793663012107025,77.31105733445425
demand_supply,732.9893961300692,1465.9787922601383,732.9893961300692,1.0,0.05,73.29893961300692
demand_supply,350.6012026111729,613.5521045695525,262.95090195837963,0.7499999999999999,0.05,30.677605228477628
demand_supply,192.8798062051633,261.76545127843593,68.88564507327263,0.35714285714285726,0.19332136980230863,50.604855608066714
demand_supply,294.11580585015537,459.5559466408678,165.4401407907124,0.5625,0.09534946489910949,43.818413603410455
demand_supply,82.52418774801069,127.65460292270403,45.13041517469334,0.5468749999999999,0.10087862273005656,12.877620527994635
demand_supply,386.16906941399594,772.3381388279919,386.16906941399594,1.0,0.05,38.6169069413996
demand_supply,310.9003272621974,460.25440604501773,149.35407878282035,0.4803921568627452,0.12768674607438613,58.768387474287586
demand_supply,373.96284065200393,484.4518617537324,110.48902110172844,0.29545454545454547,0.23472543980283014,113.7131763134447
demand_supply,221.55110013131713,417.53861178594383,195.9875116546267,0.8846153846153847,0.05,20.876930589297192
demand_supply,531.1127009643968,678.6440067878403,147.53130582344352,0.2777777777777777,0.2476638011390717,168.0755543413265
demand_supply,324.9426389036563,541.5710648394272,216.6284259357709,0.6666666666666667,0.06496916912866404,35.18542210674343
demand_supply,493.4068923175674,674.3227528340087,180.91586051644134,0.3666666666666666,0.1874497929957413,126.40166043105336
demand_supply,778.6333560141928,1557.2667120283857,778.6333560141928,1.0,0.05,77.8633356014193
demand_supply,720.1572085631501,984.2148517029718,264.0576431398217,0.3666666666666667,0.18744979299574124,184.49087021505625
demand_supply,38.23523523879646,50.18374625092036,11.948511012123895,0.3125,0.22270013882530884,11.175927256854036
demand_supply,573.5891064527985,675.1621773871484,101.57307093434986,0.17708333333333354,0.3299672171335155,222.7813847862423
demand_supply,682.016246966075,1364.03249393215,682.016246966075,1.0,0.05,68.2016246966075
demand_supply,516.4367273015673,1032.8734546031346,516.4367273015673,1.0,0.05,51.64367273015674
demand_supply,492.51960241928145,646.4319781753069,153.91237575602543,0.31249999999999994,0.2227001388253089,143.9604912807599
demand_supply,49.234784001519046,98.46956800303809,49.234784001519046,1.0,0.05,4.923478400151905
demand_supply,506.6928860981053,851.5255446926492,344.8326585945439,0.6805555555555556,0.06167473878348324,52.51761553638242
demand_supply,304.3133394836575,561.8092421236754,257.4959026400179,0.8461538461538463,0.05,28.09046210618377
demand_supply,111.179341237614,214.69114170022013,103.51180046260613,0.9310344827586207,0.05,10.734557085011007
demand_supply,163.21458328772866,321.1641800177887,157.94959673006002,0.9677419354838711,0.05,16.058209000889434
demand_supply,402.85698948061395,517.958986475075,115.10199699446105,0.28571428571428553,0.24179617240741016,125.24050039369466
demand_supply,289.2351908680133,578.4703817360266,289.2351908680133,1.0,0.05,28.923519086801335
demand_supply,150.53929481479082,201.26449198064424,50.725197165853416,0.3369565217391303,0.2062260072363978,41.50597257963027
demand_supply,194.93555934032696,208.33737904497445,13.401819704647494,0.06875000000000007,0.43168001652175186,89.93508322823305
demand_supply,674.6485035775572,1084.2565236067885,409.6080200292313,0.6071428571428573,0.0810197686653078,87.84621271647285
demand_supply,551.5572340398235,1103.114468079647,551.5572340398235,1.0,0.05,55.15572340398235
demand_supply,132.2147645898824,157.756253203837,25.541488613954584,0.1931818181818184,0.31588943790618584,49.833534150746
demand_supply,70.11182411078714,140.22364822157428,70.11182411078714,1.0,0.05,7.011182411078714
demand_supply,346.2847096470098,637.4786700319952,291.1939603849854,0.8409090909090907,0.05,31.873933501599762
demand_supply,102.04473025177862,120.14944045773932,18.1047102059607,0.17741935483870946,0.32967012263933526,39.60968077075043
demand_supply,494.1401793052489,988.2803586104978,494.1401793052489,1.0,0.05,49.41401793052489
demand_supply,183.658314681842,367.316629363684,183.658314681842,1.0,0.05,18.3658314681842
demand_supply,436.5576476487414,873.1152952974828,436.5576476487414,1.0,0.05,43.65576476487414
demand_supply,31.362081322241885,50.84458638605881,19.482505063816923,0.621212121212121,0.07692720707958856,3.911332025796375
demand_supply,323.4791093139413,406.1459928052819,82.66688349134057,0.2555555555555556,0.26459476466724097,107.46410338685651
demand_supply,505.3840569466695,952.4545688610309,447.0705119143614,0.8846153846153845,0.05,47.62272844305155
demand_supply,320.8576215627125,641.715243125425,320.8576215627125,1.0,0.05,32.08576215627125
demand_supply,214.5660524456202,401.1452284852899,186.57917603966973,0.8695652173913043,0.05,20.057261424264496
demand_supply,758.5015334295354,1517.0030668590707,758.5015334295354,1.0,0.05,75.85015334295353
demand_supply,665.7295341217325,863.1916840730939,197.46214995136143,0.2966101694915256,0.23389612196926055,201.8971874208118
demand_supply,171.06636292972274,283.3286636023533,112.26230067263054,0.65625,0.0675466911396291,19.137913731352032
demand_supply,647.3526381087524,1294.705276217505,647.3526381087524,1.0,0.05,64.73526381087525
demand_supply,608.1282399929386,1216.2564799858771,608.1282399929386,1.0,0.05,60.81282399929386
demand_supply,246.92292493661097,438.2881917624845,191.3652668258735,0.775,0.05,21.914409588124226
demand_supply,430.06653050329265,784.2389673883572,354.17243688506454,0.8235294117647058,0.05,39.21194836941786
demand_supply,396.6387527092545,734.9482770789128,338.30952436965833,0.8529411764705884,0.05,36.747413853945645
demand_supply,436.0114486061054,635.8500292172371,199.8385806111317,0.4583333333333335,0.13784165696493564,87.64662160850669
demand_supply,202.9454568505992,405.8909137011984,202.9454568505992,1.0,0.05,20.29454568505992
demand_supply,731.7816872483901,971.0180080795946,239.23632083120447,0.3269230769230769,0.21287326076274118,206.70376963924505
demand_supply,216.05054809363543,301.5705567140328,85.52000862039739,0.3958333333333335,0.17032391864384575,51.36467896714019
demand_supply,83.86835620425342,117.16902705005991,33.30067084580649,0.39705882352941163,0.16963232356290833,19.87565430810692
demand_supply,572.2420492964254,683.5113366596192,111.26928736319383,0.19444444444444442,0.3147990233346844,215.1687012186328
demand_supply,118.8070474355678,186.9463834647905,68.1393360292227,0.5735294117647058,0.09161130808255084,17.12640273051161
demand_supply,245.8935711917164,491.7871423834328,245.8935711917164,1.0,0.05,24.58935711917164
demand_supply,387.1117403297744,604.2719849050137,217.1602445752393,0.5609756097560975,0.09587672729872529,57.93562031099744
demand_supply,507.9505746530285,661.8749912145523,153.9244165615238,0.30303030303030304,0.2293259421224282,151.78510592755111
demand_supply,249.302974601016,498.605949202032,249.302974601016,1.0,0.05,24.9302974601016
demand_supply,45.91711193197189,91.83422386394378,45.91711193197189,1.0,0.05,4.591711193197189
demand_supply,424.6120578300381,849.2241156600762,424.6120578300381,1.0,0.05,42.46120578300381
demand_supply,85.97357530080251,97.59162601712717,11.61805071632466,0.1351351351351351,0.36806184771930783,35.9197541937955
demand_supply,328.9669925908357,455.4927589719263,126.52576638109065,0.38461538461538464,0.17675903311877925,80.51245966848286
demand_supply,172.62943414987132,332.31166073850227,159.68222658863095,0.9249999999999999,0.05,16.615583036925113
demand_supply,261.9435328532634,500.77440104300354,238.83086818974016,0.911764705882353,0.05,25.03872005215018
demand_supply,199.0416803252397,398.0833606504794,199.0416803252397,1.0,0.05,19.90416803252397
demand_supply,232.28345491474457,464.56690982948913,232.28345491474457,1.0,0.05,23.228345491474457
demand_supply,185.311838106628,300.0286902678739,114.71685216124592,0.6190476190476192,0.07754426358611634,23.265503841529274
demand_supply,153.76143970087224,307.5228794017445,153.76143970087224,1.0,0.05,15.376143970087226
demand_supply,126.4771352873347,252.9542705746694,126.4771352873347,1.0,0.05,12.64771352873347
demand_supply,609.5038276051239,1147.3013225508214,537.7974949456975,0.8823529411764706,0.05,57.36506612754107
demand_supply,287.1624375675698,343.5693449469138,56.406907379344034,0.1964285714285713,0.31308963533968753,107.56800092332456
demand_supply,406.32480651562713,463.627022819113,57.302216303485864,0.141025641025641,0.36259873797726494,168.110573366367
demand_supply,249.03711265544783,380.88028994362605,131.84317728817823,0.5294117647058822,0.10739341531856267,40.9040351645704
demand_supply,620.9016915662245,1241.803383132449,620.9016915662245,1.0,0.05,62.09016915662245
demand_supply,267.0607016773296,346.3443474877868,79.28364581045724,0.2968750000000001,0.23370635691404018,80.94287568914106
demand_supply,715.7547930992089,1431.5095861984178,715.7547930992089,1.0,0.05,71.5754793099209
demand_supply,430.385487919734,860.770975839468,430.385487919734,1.0,0.05,43.0385487919734
demand_supply,604.273047008686,1010.9952901876094,406.72224317892335,0.6730769230769231,0.06342879034513207,64.12620830122584
demand_supply,243.5250631593867,487.0501263187734,243.5250631593867,1.0,0.05,24.35250631593867
demand_supply,176.2144067384048,216.74372028823788,40.52931354983309,0.22999999999999993,0.2849578942990103,61.762834135869944
demand_supply,471.4796320940979,649.48724829289,178.00761619879205,0.37755102040816324,0.18090855023450353,117.49779648446375
demand_supply,453.3769493913552,906.7538987827104,453.3769493913552,1.0,0.05,45.337694939135524
demand_supply,251.1073064574406,294.401669639758,43.2943631823174,0.17241379310344848,0.3341097862512284,98.3624789153443
demand_supply,521.8019208244536,1043.6038416489073,521.8019208244536,1.0,0.05,52.180192082445366
demand_supply,346.4926515319707,412.20677509837896,65.71412356640826,0.18965517241379318,0.31894580429533453,131.47162141973854
demand_supply,234.0714535105622,297.60513374914336,63.533680238581155,0.27142857142857135,0.2524261650906336,75.12332262358136
demand_supply,184.02445130071476,279.5756087068551,95.55115740614036,0.5192307692307693,0.11136009209214773,31.133565532313643
demand_supply,554.8869659163038,938.4117805937491,383.5248146774453,0.6911764705882354,0.059261470382938816,55.61166194265734
demand_supply,192.61977241404605,313.0071301728248,120.38735775877876,0.6249999999999999,0.07585818002124359,23.74415122858297
demand_supply,227.796524806166,367.0055121877119,139.20898738154588,0.611111111111111,0.07984576661461427,29.303836472417018
demand_supply,416.601648993299,653.3071313758553,236.70548238255628,0.5681818181818182,0.09340700471683215,61.0234623019646
demand_supply,671.7128294096442,951.5931749969958,279.8803455873516,0.41666666666666646,0.15886910488091527,151.1787559225609
demand_supply,552.6397714448676,654.4418346057643,101.80206316089664,0.1842105263157894,0.3236950740041315,211.83959808411245
demand_supply,321.37240510655704,508.8396414187153,187.46723631215826,0.5833333333333333,0.08839967720705845,44.981260051569805
demand_supply,215.4338699200544,425.7383619848694,210.304492064815,0.9761904761904762,0.05,21.286918099243472
demand_supply,758.9961232252967,919.8003866204866,160.80426339518988,0.21186440677966087,0.2999664500585019,275.90925673698496
demand_supply,694.4247148756359,1388.8494297512718,694.4247148756359,1.0,0.05,69.4424714875636
demand_supply,617.3632185255483,785.7350053961524,168.37178687060407,0.2727272727272727,0.2514471293046626,197.5708115010461
demand_supply,328.63536897966003,432.703235823219,104.06786684355899,0.3166666666666666,0.21982839774068252,95.12045902822693
demand_supply,376.3000600585162,500.47907987782656,124.17901981931038,0.3300000000000001,0.21081829347774705,105.51014554115645
demand_supply,70.20380336705749,140.40760673411498,70.20380336705749,1.0,0.05,7.020380336705749
demand_supply,451.6848649701074,512.1215722548401,60.43670728473268,0.13380281690140844,0.3693022649405997,189.12765655865343
demand_supply,301.40392677127403,602.8078535425481,301.40392677127403,1.0,0.05,30.140392677127405
demand_supply,153.39607111804412,276.6607711236153,123.26470000557117,0.8035714285714286,0.05,13.833038556180766
demand_supply,339.66230419418656,402.664183197947,63.00187900376045,0.18548387096774205,0.3225810518006191,129.89183573843093
demand_supply,733.4425366578176,1249.5687661577633,516.1262294999457,0.7037037037037036,0.056528841711475035,70.63667498973537
demand_supply,203.8363809804033,281.48833563960454,77.65195465920124,0.3809523809523808,0.17890123250797788,50.35861018254461
demand_supply,284.5088586099128,569.0177172198256,284.5088586099128,1.0,0.05,28.45088586099128
demand_supply,492.11345835908634,984.2269167181727,492.11345835908634,1.0,0.05,49.21134583590864
demand_supply,86.19117981050438,172.38235962100876,86.19117981050438,1.0,0.05,8.619117981050438
demand_supply,727.8809447636283,1273.7916533363496,545.9107085727212,0.7499999999999999,0.05,63.68958266681748
demand_supply,158.65264164620277,184.43369591371072,25.781054267507955,0.16250000000000003,0.34298953732650117,63.25882802886025
demand_supply,44.52503661261306,57.10819913356892,12.58316252095586,0.28260869565217384,0.24408087224033784,13.939019056596408
demand_supply,452.4258268814717,570.0565418706544,117.6307149891827,0.2600000000000001,0.26114999391575094,148.87026244115543
demand_supply,152.64047921471024,186.5605857068681,33.920106492157856,0.22222222222222238,0.29133917497056433,54.3524071218642
demand_supply,420.2245689053783,508.86568890885655,88.64112000347825,0.21093750000000003,0.3007455789412415,153.03910621422776
demand_supply,151.35930066309265,302.7186013261853,151.35930066309265,1.0,0.05,15.135930066309266
demand_supply,242.27196569085137,484.54393138170275,242.27196569085137,1.0,0.05,24.227196569085137
demand_supply,119.0485543701777,143.26181966580705,24.213265295629355,0.2033898305084745,0.30713254481966223,44.000367249454854
demand_supply,472.56954081275165,729.400812993595,256.8312721808433,0.5434782608695653,0.10211768877665248,74.48472521471723
demand_supply,334.6493506052282,669.2987012104564,334.6493506052282,1.0,0.05,33.464935060522826
demand_supply,406.08552566041345,756.1592546780113,350.0737290175978,0.8620689655172414,0.05,37.80796273390057
demand_supply,551.365137615676,1102.730275231352,551.365137615676,1.0,0.05,55.1365137615676
demand_supply,534.0181945871103,576.4005909829128,42.382396395802516,0.07936507936507957,0.42129481233081606,242.83457880551774
demand_supply,501.2363000548165,546.1231328955464,44.88683284072988,0.08955223880597023,0.4113931964136222,224.67134127732024
demand_supply,159.60691863182956,207.48899422137842,47.88207558954886,0.3,0.23147521650098238,48.02855985896465
demand_supply,359.8010509571677,582.0311118424772,222.2300608853095,0.6176470588235295,0.0779459479396332,45.36696674292056
demand_supply,348.6695624527248,459.0815905627543,110.4120281100295,0.3166666666666666,0.21982839774068252,100.91917048565432
demand_supply,490.50407597042386,628.4583473371056,137.95427136668172,0.28125000000000006,0.24508501313237166,154.02572231026312
demand_supply,485.683239513509,971.366479027018,485.683239513509,1.0,0.05,48.568323951350905
demand_supply,424.9275101964327,849.8550203928654,424.9275101964327,1.0,0.05,42.49275101964327
demand_supply,40.442890652890384,58.82602276784056,18.38313211495018,0.45454545454545464,0.13965218341676006,8.215182521252974
demand_supply,258.424915281181,340.03278326471184,81.60786798353087,0.3157894736842107,0.22043075725362574,74.95368390609843
demand_supply,511.9293909938059,733.7654604244551,221.83606943064922,0.43333333333333335,0.15016170628984732,110.18347355389162
demand_supply,441.74670095471794,883.4934019094359,441.74670095471794,1.0,0.05,44.1746700954718
demand_supply,175.5180543386476,351.0361086772952,175.5180543386476,1.0,0.05,17.55180543386476
demand_supply,658.5834276725151,952.2760373102584,293.6926096377433,0.4459459459459461,0.14383654198794016,136.97209222468626
demand_supply,299.2909931126892,598.5819862253784,299.2909931126892,1.0,0.05,29.92909931126892
demand_supply,494.8027992189699,989.6055984379398,494.8027992189699,1.0,0.05,49.480279921896994
demand_supply,223.51901195083735,409.7848552432018,186.26584329236442,0.8333333333333331,0.05,20.48924276216009
demand_supply,434.57105082121734,757.5630480532031,322.9919972319858,0.7432432432432431,0.05,37.878152402660156
demand_supply,630.4284012724294,725.9478560106761,95.51945473824674,0.1515151515151513,0.35295834979419605,256.22935729416287
demand_supply,445.1254111184949,890.2508222369898,445.1254111184949,1.0,0.05,44.512541111849494
demand_supply,361.98552095653855,527.239780523654,165.2542595671154,0.45652173913043476,0.1387050882113444,73.13084026606327
demand_supply,267.28219711727195,391.5994981020496,124.31730098477766,0.4651162790697675,0.13464884807429098,52.72842132591148
demand_supply,518.9547629602604,706.8521771355271,187.8974141752667,0.3620689655172414,0.19026705434936464,134.49068160401205
demand_supply,575.4934491747886,659.8991550537575,84.40570587896889,0.1466666666666665,0.3574000407172973,235.847984885523
demand_supply,349.4432162449335,698.886432489867,349.4432162449335,1.0,0.05,34.944321624493355
demand_supply,279.2349662242834,376.96720440278267,97.73223817849924,0.35000000000000014,0.19781611144141814,74.5701865159007
demand_supply,689.7483154802385,1230.0511626064254,540.3028471261869,0.7833333333333334,0.05,61.50255813032127
demand_supply,88.76294359232648,98.69909399445258,9.936150402126103,0.11194029850746273,0.3898931938895522,38.48210499150223
demand_supply,621.7963494961118,1127.0058834617028,505.20953396559094,0.8125000000000001,0.05,56.35029417308514
demand_supply,307.621949405299,615.243898810598,307.621949405299,1.0,0.05,30.762194940529902
demand_supply,172.41053126646165,344.8210625329233,172.41053126646165,1.0,0.05,17.241053126646165
demand_supply,444.2453020895959,888.4906041791918,444.2453020895959,1.0,0.05,44.424530208959595
demand_supply,556.8967118375435,1113.793423675087,556.8967118375435,1.0,0.05,55.689671183754356
demand_supply,355.3245754797394,710.6491509594788,355.3245754797394,1.0,0.05,35.53245754797394
demand_supply,474.99773906008016,949.9954781201603,474.99773906008016,1.0,0.05,47.499773906008016
demand_supply,581.9712306098094,1163.9424612196187,581.9712306098094,1.0,0.05,58.19712306098094
demand_supply,663.4393972369916,1326.8787944739831,663.4393972369916,1.0,0.05,66.34393972369917
demand_supply,519.469492374694,939.9924147732559,420.52292239856183,0.8095238095238095,0.05,46.9996207386628
demand_supply,397.6919501475396,450.7175435005449,53.02559335300526,0.13333333333333328,0.36973977708224876,166.6482040609502
demand_supply,388.1122298927073,776.2244597854146,388.1122298927073,1.0,0.05,38.81122298927073
demand_supply,591.1000759572743,1182.2001519145485,591.1000759572743,1.0,0.05,59.11000759572743
demand_supply,586.7988633141081,760.1712547478218,173.3723914337137,0.29545454545454536,0.23472543980283023,178.43153209615176
demand_supply,648.9097429236178,1297.8194858472357,648.9097429236178,1.0,0.05,64.89097429236179
demand_supply,746.3391324597457,1119.5086986896185,373.1695662298729,0.5000000000000001,0.11920292202211753,133.44870811298088
demand_supply,555.0976877626003,1080.9797077482217,525.8820199856214,0.9473684210526315,0.05,54.048985387411086
demand_supply,417.91314129159,499.0007657213015,81.08762442971147,0.19402985074626858,0.3151568455864629,157.26350726995497
demand_supply,97.80093621671637,115.51849712554178,17.71756090882542,0.181159420289855,0.3263725526024794,37.70206677966525
demand_supply,193.08911199878557,209.17987133201774,16.09075933323217,0.08333333333333354,0.4174297935376851,87.3179105023637
demand_supply,492.4640116460618,600.8060942081954,108.34208256213361,0.22000000000000003,0.2931777789064324,176.1429962534075
demand_supply,408.81562882076287,817.6312576415257,408.81562882076287,1.0,0.05,40.88156288207629
demand_supply,364.1617948077249,451.24396313131126,87.08216832358636,0.23913043478260862,0.2775751408300596,125.25410661488793
demand_supply,228.64349787316,457.28699574632,228.64349787316,1.0,0.05,22.864349787316
demand_supply,667.9464280068869,1085.412945511191,417.4665175043042,0.6249999999999998,0.07585818002124362,82.33745061797622
demand_supply,410.34270896598935,534.9110313306647,124.5683223646754,0.3035714285714287,0.22894362177344385,122.46446883941049
demand_supply,710.4192641684332,1065.6288962526498,355.20963208421665,0.5000000000000001,0.11920292202211753,127.0260782245198
demand_supply,177.20306582722415,194.92337240994658,17.72030658272243,0.10000000000000007,0.40131233988754794,78.22515468060757
demand_supply,74.32837977574499,148.65675955148998,74.32837977574499,1.0,0.05,7.4328379775745
demand_supply,392.30276005302534,702.3484897723519,310.0457297193265,0.7903225806451614,0.05,35.117424488617594
demand_supply,168.61019430479575,300.1261458625365,131.51595155774072,0.7800000000000001,0.05,15.006307293126824
demand_supply,587.2581373063812,692.1256618253778,104.86752451899667,0.17857142857142863,0.32865254651727,227.46886126886127
demand_supply,563.9803272683639,1127.9606545367278,563.9803272683639,1.0,0.05,56.39803272683639
demand_supply,352.3474982568331,393.24497573307264,40.897477476239544,0.11607142857142853,0.38596962705315363,151.7806166242205
demand_supply,415.3075369486595,465.2982589887759,49.990722040116395,0.12037037037037031,0.3819023560304164,177.6985013646644
demand_supply,204.215843297379,408.431686594758,204.215843297379,1.0,0.05,20.4215843297379
demand_supply,319.6520700676685,525.142686539741,205.49061647207253,0.6428571428571427,0.07100001915079913,37.28514080122372
demand_supply,362.05333073474793,724.1066614694959,362.05333073474793,1.0,0.05,36.2053330734748
demand_supply,387.4755378090192,774.9510756180384,387.4755378090192,1.0,0.05,38.747553780901924
demand_supply,348.8532987245396,635.4113655339829,286.5580668094433,0.8214285714285715,0.05,31.770568276699148
demand_supply,732.2985126943609,1464.5970253887217,732.2985126943609,1.0,0.05,73.22985126943608
demand_supply,343.6721333865543,531.1296606883112,187.4575273017569,0.5454545454545454,0.10139514566748078,53.85396931381096
demand_supply,599.7162532373392,1199.4325064746783,599.7162532373392,1.0,0.05,59.97162532373392
demand_supply,484.75453888236336,702.2726012013726,217.51806231900923,0.4487179487179488,0.14247646520548962,100.05731782983605
demand_supply,581.1514565564086,949.2140457088007,368.0625891523921,0.6333333333333333,0.07355417693481899,69.81865786708047
demand_supply,603.3651642705413,1206.7303285410826,603.3651642705413,1.0,0.05,60.336516427054136
demand_supply,369.8546414878244,404.37440802668795,34.519766538863564,0.09333333333333321,0.4077358169392087,164.87792960607052
demand_supply,708.8801421484817,1174.7156641317697,465.835521983288,0.6571428571428571,0.06732209492022417,79.08431944495318
demand_supply,205.83755050869485,411.6751010173897,205.83755050869485,1.0,0.05,20.583755050869485
demand_supply,684.5607033083106,1259.102722156357,574.5420188480464,0.8392857142857142,0.05,62.95513610781785
demand_supply,453.2541298779704,637.3886201408959,184.1344902629255,0.40625000000000006,0.16451646289656313,104.86092127610128
demand_supply,412.5848379812361,518.5187828683103,105.93394488707418,0.25675675675675685,0.26366088281463257,136.71312004702747
demand_supply,440.4442377359072,736.3677099647199,295.92347222881267,0.671875,0.06371499425196533,46.917664407735
demand_supply,241.64071137767897,342.3243411183785,100.68362974069956,0.41666666666666663,0.15886910488091516,54.38476165242586
demand_supply,201.29253189374313,308.2291894622942,106.93665756855106,0.5312500000000001,0.10669059394565115,32.88515529511881
demand_supply,220.05114029296504,271.1344407181177,51.08330042515263,0.2321428571428573,0.2832146305349114,76.78924045327153
demand_supply,702.9134159653358,1368.8313889851277,665.9179730197918,0.9473684210526315,0.05,68.44156944925639
demand_supply,431.42166025583447,609.0658733023545,177.64421304652,0.4117647058823528,0.1615068542964846,98.3683132564045
demand_supply,466.8626810645626,593.5825516392296,126.71987057466697,0.2714285714285714,0.25242616509063354,149.83576717500367
demand_supply,445.1263611668488,600.9205875752459,155.7942264083971,0.35000000000000003,0.19781611144141822,118.87177391922737
demand_supply,441.6378571357946,883.2757142715892,441.6378571357946,1.0,0.05,44.163785713579465
demand_supply,669.5210116683382,1339.0420233366765,669.5210116683382,1.0,0.05,66.95210116683383
demand_supply,354.3852115042604,708.7704230085208,354.3852115042604,1.0,0.05,35.43852115042604
demand_supply,489.7125242986789,535.9118190438372,46.19929474515834,0.09433962264150934,0.4067641546701297,217.98971805109798
demand_supply,222.56858200356248,445.13716400712497,222.56858200356248,1.0,0.05,22.25685820035625
demand_supply,412.2556067980849,518.4426570339552,106.18705023587034,0.25757575757575757,0.26302535963951745,136.36356631882308
demand_supply,472.21573527678265,682.0893953997971,209.87366012301447,0.44444444444444436,0.14457775046587729,98.61495040353297
demand_supply,179.93988033973832,359.87976067947665,179.93988033973832,1.0,0.05,17.99398803397383
demand_supply,308.9111533232364,369.82321172500133,60.91205840176491,0.19718309859154923,0.3124409137110345,115.54790218290879
demand_supply,306.3142432341152,497.7606452554372,191.446402021322,0.625,0.07585818002124355,37.759216635277305
demand_supply,224.46487829301583,448.92975658603166,224.46487829301583,1.0,0.05,22.446487829301585
demand_supply,101.07378646994935,126.3422330874367,25.268446617487342,0.25000000000000006,0.26894142136999505,33.97865974559444
demand_supply,633.4966221375331,1266.9932442750662,633.4966221375331,1.0,0.05,63.34966221375331
demand_supply,62.87509273644356,125.75018547288713,62.87509273644356,1.0,0.05,6.287509273644357
demand_supply,92.03104706108972,138.04657059163458,46.015523530544854,0.49999999999999994,0.11920292202211757,16.455554589655364
demand_supply,106.7358926414302,213.4717852828604,106.7358926414302,1.0,0.05,10.67358926414302
demand_supply,560.6703257140985,1121.340651428197,560.6703257140985,1.0,0.05,56.06703257140985
demand_supply,322.9000694955284,645.8001389910568,322.9000694955284,1.0,0.05,32.29000694955284
demand_supply,292.33936093553586,584.6787218710717,292.33936093553586,1.0,0.05,29.233936093553588
demand_supply,242.75171700488073,293.3249913808976,50.573274376016855,0.20833333333333348,0.3029407160345926,88.86008291976982
demand_supply,442.7796305981407,790.6779117823942,347.89828118425345,0.7857142857142858,0.05,39.53389558911971
demand_supply,505.54671645728143,705.4140229636486,199.86730650636713,0.3953488372093024,0.17059795736697977,120.34219141562221
demand_supply,474.9171617926677,949.8343235853354,474.9171617926677,1.0,0.05,47.491716179266774
demand_supply,617.434678434942,731.774433700672,114.33975526572999,0.18518518518518515,0.32284218539783427,236.24765739418754
demand_supply,294.85536994650215,368.5692124331277,73.71384248662554,0.25,0.2689414213699951,99.12352786498504
demand_supply,717.467322019467,885.9634355240388,168.49611350457178,0.23484848484848483,0.2810227802563364,248.97590785642083
demand_supply,266.9772170141728,533.9544340283456,266.9772170141728,1.0,0.05,26.697721701417283
demand_supply,383.3711770715268,455.900859220194,72.52968214866718,0.18918918918918903,0.3193508232062019,145.5923146923837
demand_supply,266.4336179135411,356.0987777882906,89.66515987474946,0.33653846153846173,0.20649988225373486,73.5343556839809
demand_supply,336.39439243010713,532.6244546810029,196.2300622508958,0.5833333333333333,0.08839967720705845,47.08382986638619
demand_supply,764.8593556145701,1338.5038723254977,573.6445167109276,0.7500000000000001,0.05,66.92519361627488
demand_supply,588.6941797749441,1093.2891910106105,504.59501123566633,0.857142857142857,0.05,54.66445955053052
demand_supply,305.24266766473113,610.4853353294623,305.24266766473113,1.0,0.05,30.524266766473115
demand_supply,256.37380365626416,376.0149120291875,119.64110837292333,0.4666666666666669,0.13392788832407354,50.35888314643136
demand_supply,461.0193485856391,922.0386971712782,461.0193485856391,1.0,0.05,46.10193485856391
demand_supply,581.7472844259253,1004.8362185538709,423.08893412794566,0.7272727272727273,0.05170599228855573,51.95605376780795
demand_supply,472.5465909334413,519.8012500267854,47.25465909334412,0.09999999999999998,0.401312339887548,208.60265592472163
demand_supply,573.4835718398938,1146.9671436797876,573.4835718398938,1.0,0.05,57.34835718398938
demand_supply,192.38502219616436,342.0178172376255,149.63279504146112,0.7777777777777776,0.05,17.100890861881275
demand_supply,744.0359811402852,918.4194142200396,174.38343307975435,0.234375,0.28140560742914383,258.4483731333087
demand_supply,412.25746306035046,824.5149261207009,412.25746306035046,1.0,0.05,41.22574630603505
demand_supply,189.5605649707772,230.91923369167404,41.358668720896844,0.2181818181818182,0.2946871303356636,68.04892631590991
demand_supply,357.0434721850994,714.0869443701988,357.0434721850994,1.0,0.05,35.704347218509945
demand_supply,417.1740953777763,834.3481907555527,417.1740953777763,1.0,0.05,41.717409537777634
demand_supply,314.84471031916905,529.511558264057,214.666847944888,0.6818181818181818,0.0613831074034922,32.50306485231313
demand_supply,629.9546011362719,1259.9092022725438,629.9546011362719,1.0,0.05,62.99546011362719
demand_supply,473.5617540035448,687.7920712908627,214.23031728731792,0.45238095238095244,0.1406956875086804,96.76937833328725
demand_supply,317.88095784682014,513.1506890955811,195.269731248761,0.6142857142857144,0.07891777248755932,40.49670933387936
demand_supply,132.49921949173307,264.99843898346614,132.49921949173307,1.0,0.05,13.249921949173308
demand_supply,430.78585097815426,861.5717019563085,430.78585097815426,1.0,0.05,43.07858509781543
demand_supply,350.2265835541767,525.3398753312651,175.11329177708842,0.5000000000000001,0.11920292202211753,62.62204819422175
demand_supply,466.42747932165264,932.8549586433053,466.42747932165264,1.0,0.05,46.642747932165264
demand_supply,651.7303890276737,988.8323143868153,337.10192535914155,0.5172413793103448,0.1121500031462131,110.89754716955851
demand_supply,266.34807324582846,387.4153792666596,121.06730602083115,0.4545454545454547,0.13965218341676003,54.1034036038212
demand_supply,266.38537677090085,532.7707535418017,266.38537677090085,1.0,0.05,26.638537677090085
demand_supply,303.803226426852,510.94178989970567,207.13856347285366,0.6818181818181819,0.06138310740349217,31.363194766346165
demand_supply,461.9661913503604,643.4529093808591,181.48671803049865,0.3928571428571427,0.17201283293576144,110.68215780335936
demand_supply,201.0575405594342,216.41610268550207,15.35856212606788,0.07638888888888884,0.42419994638419967,91.80369915586742
demand_supply,94.21444738997974,188.42889477995948,94.21444738997974,1.0,0.05,9.421444738997975
demand_supply,546.8574476673242,1012.4252747354516,465.5678270681274,0.8513513513513513,0.05,50.62126373677258
demand_supply,292.74683013160404,585.4936602632081,292.74683013160404,1.0,0.05,29.274683013160406
demand_supply,150.90603765991335,301.8120753198267,150.90603765991335,1.0,0.05,15.090603765991336
demand_supply,534.90663340905,872.1303805582336,337.2237471491836,0.6304347826086956,0.07434816867174612,64.84129663749769
demand_supply,315.2654030422818,441.3715642591945,126.10616121691271,0.4,0.16798161486607552,74.14230812022531
demand_supply,601.2360266422271,727.3016451317263,126.06561848949923,0.20967741935483872,0.301806610419265,219.50444426956145
demand_supply,701.4695729515377,793.7682009714767,92.29862801993909,0.13157894736842093,0.3713765807843271,294.78692041211366
demand_supply,392.0078846224547,492.8099120968002,100.8020274743455,0.2571428571428571,0.26336115625709877,129.7869882647725
demand_supply,331.8375249153692,594.5422321400365,262.7047072246673,0.7916666666666666,0.05,29.727111607001827
demand_supply,307.5259290756184,407.0196120118479,99.4936829362295,0.32352941176470595,0.21515667181634604,87.57298508444966
demand_supply,68.27174499943663,80.95078335647487,12.679038357038237,0.1857142857142858,0.3223796815015897,26.096887755764556
demand_supply,765.4397485645513,922.006969861846,156.56722129729462,0.20454545454545459,0.30614974566937303,282.27219932859344
demand_supply,168.36628924698925,313.3483716541189,144.98208240712967,0.8611111111111113,0.05,15.667418582705947
demand_supply,351.77361896852636,559.6398483590192,207.86622939049283,0.5909090909090908,0.08598796739923162,48.12229303600627
demand_supply,363.3457529659053,726.6915059318106,363.3457529659053,1.0,0.05,36.334575296590536
demand_supply,201.7146762833217,363.0864173099791,161.3717410266574,0.8000000000000002,0.05,18.154320865498956
demand_supply,121.43999901863724,133.36714177939623,11.927142760758997,0.09821428571428557,0.40302969135116895,53.75091798773765
demand_supply,598.7750233051204,1197.5500466102408,598.7750233051204,1.0,0.05,59.877502330512044
demand_supply,371.1242881043308,521.8935301467152,150.7692420423844,0.40625000000000006,0.16451646289656313,85.86007758833843
demand_supply,173.66696747925593,347.33393495851186,173.66696747925593,1.0,0.05,17.366696747925594
demand_supply,538.5185280064754,882.9199121966632,344.40138419018774,0.6395348837209301,0.07188156363934689,63.465663857011016
demand_supply,281.9625670059949,563.9251340119898,281.9625670059949,1.0,0.05,28.19625670059949
demand_supply,258.01445968829404,516.0289193765881,258.01445968829404,1.0,0.05,25.801445968829405
demand_supply,476.20199615360343,952.4039923072069,476.20199615360343,1.0,0.05,47.62019961536035
demand_supply,124.64550323605349,203.81224177787124,79.16673854181775,0.6351351351351351,0.07306455625567998,14.891451004975522
demand_supply,111.11271494112724,222.22542988225447,111.11271494112724,1.0,0.05,11.111271494112724
demand_supply,421.8171879075184,618.1803615886047,196.36317368108627,0.4655172413793106,0.13446207938997617,83.12181685725115
demand_supply,134.0510144913575,268.102028982715,134.0510144913575,1.0,0.05,13.405101449135751
demand_supply,132.4032477391118,146.48869962625136,14.085451887139556,0.10638297872340427,0.3951937722145186,57.89142179209782
demand_supply,547.9814624298182,1095.9629248596364,547.9814624298182,1.0,0.05,54.79814624298182
demand_supply,281.96824577029594,563.9364915405919,281.96824577029594,1.0,0.05,28.196824577029595
demand_supply,182.46632143825187,364.93264287650373,182.46632143825187,1.0,0.05,18.246632143825188
demand_supply,313.7742265682814,440.1555122693947,126.38128570111331,0.4027777777777777,0.1664344075542588,73.257021916298
demand_supply,422.8866610257602,547.8304472379166,124.9437862121564,0.2954545454545454,0.23472543980283023,128.58974266530115
demand_supply,529.6967147126813,617.9795004981281,88.28278578544678,0.16666666666666646,0.33924363123418305,209.64560977727163
demand_supply,25.993449448411635,30.61450712812926,4.621057679717627,0.17777777777777787,0.3293533717534638,10.082991147219824
demand_supply,351.5699575243088,703.1399150486176,351.5699575243088,1.0,0.05,35.15699575243088
demand_supply,154.68715967826247,309.37431935652495,154.68715967826247,1.0,0.05,15.468715967826249
demand_supply,106.59208227583191,131.0794525283879,24.487370252555976,0.2297297297297297,0.2851782232210877,37.38100537283857
demand_supply,132.1665679180113,254.16647676540637,121.99990884739506,0.9230769230769231,0.05,12.708323838270319
demand_supply,76.224961221763,110.61915104133898,34.394189819575985,0.4512195121951219,0.14125830001651762,15.62587322536994
demand_supply,598.9400399823005,1197.880079964601,598.9400399823005,1.0,0.05,59.894003998230055
demand_supply,563.1508995670627,668.7416932358869,105.59079366882429,0.18750000000000008,0.32082130082460697,214.5465799395875
demand_supply,310.1546162756803,507.52573572384057,197.37111944816024,0.6363636363636365,0.07273244715626788,36.913588753980214
demand_supply,145.13756861567325,284.6929230538206,139.55535443814736,0.9615384615384616,0.05,14.234646152691031
demand_supply,323.5576857599395,647.115371519879,323.5576857599395,1.0,0.05,32.35576857599395
demand_supply,31.565676162125193,53.41883658205802,21.853160419932827,0.6923076923076923,0.05900971249073765,3.1522301882969423
demand_supply,144.46263762346956,288.9252752469391,144.46263762346956,1.0,0.05,14.446263762346957
demand_supply,252.49304710208096,504.98609420416193,252.49304710208096,1.0,0.05,25.249304710208097
demand_supply,146.51277441611944,286.36587726786985,139.8531028517504,0.9545454545454548,0.05,14.318293863393492
demand_supply,501.801349985356,844.698939142016,342.89758915666,0.6833333333333335,0.0610348510729919,51.55607395204719
demand_supply,610.7325514755008,827.7033263417972,216.97077486629632,0.3552631578947368,0.19449661720587322,160.98549702352847
demand_supply,194.2623993646843,311.48970932613173,117.22730996144742,0.603448275862069,0.08212693243851966,25.58169431312135
demand_supply,318.2101259853132,360.07987940443337,41.86975341912017,0.1315789473684211,0.37137658078432695,133.72523442245125
demand_supply,512.6251102173163,720.1162262576586,207.49111604034226,0.40476190476190466,0.16533625704614585,119.06132148763676
demand_supply,555.8919187631545,676.5099766079899,120.61805784483533,0.21698113207547154,0.29568634793090687,200.03476432203976
demand_supply,242.15886076969633,484.31772153939266,242.15886076969633,1.0,0.05,24.215886076969635
demand_supply,41.40499127744981,82.80998255489962,41.40499127744981,1.0,0.05,4.140499127744981
demand_supply,180.88655372559683,361.77310745119365,180.88655372559683,1.0,0.05,18.088655372559682
demand_supply,537.8971058809161,891.7767808025715,353.87967492165535,0.6578947368421053,0.06713349888458207,59.868095519305626
demand_supply,556.6629286327259,974.1601251072702,417.49719647454435,0.7499999999999999,0.05,48.708006255363514
demand_supply,158.5563431447304,184.50192656841352,25.945583423683132,0.1636363636363635,0.34196596180456085,63.09337877376199
demand_supply,59.4454065021933,98.08492072861894,38.63951422642564,0.6499999999999999,0.06913842034334684,6.78143647867911
demand_supply,334.1449975015087,624.9749027343034,290.8299052327947,0.8703703703703706,0.05,31.248745136715172
demand_supply,443.7750198288772,887.5500396577544,443.7750198288772,1.0,0.05,44.37750198288772
demand_supply,145.24203735141535,290.4840747028307,145.24203735141535,1.0,0.05,14.524203735141535
demand_supply,210.6317666138125,235.81599957850744,25.184232964694957,0.11956521739130428,0.38266287956798234,90.23802944691377
demand_supply,152.22919256822726,304.4583851364545,152.22919256822726,1.0,0.05,15.222919256822728
demand_supply,612.446726848697,652.7392746676903,40.292547818993285,0.06578947368421062,0.43458758678666687,283.67238617871084
demand_supply,250.28588237277452,366.49004204584844,116.20415967307392,0.4642857142857144,0.13503642292280232,49.4895043146988
demand_supply,309.08254473187293,509.5685196930878,200.48597496121488,0.6486486486486487,0.06948711429433624,35.408445968709316
demand_supply,94.1609176991503,188.3218353983006,94.1609176991503,1.0,0.05,9.416091769915031
demand_supply,243.93730652889337,487.87461305778675,243.93730652889337,1.0,0.05,24.39373065288934
demand_supply,331.19305388667465,475.4222870308717,144.22923314419705,0.43548387096774205,0.1490672589426441,70.86989716793502
demand_supply,595.2312211886215,806.8689887223536,211.63776753373213,0.3555555555555556,0.19431344562024822,156.78549336276572
demand_supply,465.962681649944,529.7931859855528,63.830504335608794,0.13698630136986306,0.3663412682879131,194.08510768424162
demand_supply,104.75201005936664,209.50402011873328,104.75201005936664,1.0,0.05,10.475201005936665
demand_supply,784.0551260339382,1176.0826890509074,392.0275630169692,0.5000000000000001,0.11920292202211753,140.19249307449763
demand_supply,382.9299378688001,526.5286645696001,143.5987267008,0.3749999999999999,0.1824255238063564,96.05226743317063
demand_supply,319.2967130915861,638.5934261831723,319.2967130915861,1.0,0.05,31.929671309158614
demand_supply,640.1373391067773,1163.8860711032314,523.7487319964541,0.8181818181818181,0.05,58.194303555161575
demand_supply,243.49338538510452,319.9389831222885,76.44559773718399,0.3139534883720931,0.22169533842322237,70.92898113807738
demand_supply,135.005874109167,270.011748218334,135.005874109167,1.0,0.05,13.500587410916701
demand_supply,392.9639432866157,583.9880823842761,191.02413909766045,0.4861111111111112,0.12516039957499708,73.09218173825232
demand_supply,617.2885000560723,1066.225591005943,448.9370909498707,0.7272727272727272,0.05170599228855575,55.13025218641408
demand_supply,310.7883994951958,366.6331900294888,55.844790534293,0.1796875,0.3276683008207139,120.1340744014405
demand_supply,770.0708908209459,888.5433355626299,118.47244474168394,0.1538461538461538,0.35083187501122737,311.7293244441676
demand_supply,373.50470759834695,448.2056491180163,74.70094151966936,0.1999999999999999,0.31002551887238766,138.95518892934834
demand_supply,814.4195559447121,1000.1643669496465,185.74481100493438,0.22807017543859653,0.28653336193631396,286.5804585509874
demand_supply,473.34669329802574,946.6933865960515,473.34669329802574,1.0,0.05,47.33466932980258
demand_supply,266.76777889406367,533.5355577881273,266.76777889406367,1.0,0.05,26.676777889406367
demand_supply,369.36165888010754,738.7233177602151,369.36165888010754,1.0,0.05,36.936165888010756
demand_supply,111.72394123957052,223.44788247914104,111.72394123957052,1.0,0.05,11.172394123957053
demand_supply,429.94835612457183,504.5312342278139,74.58287810324208,0.1734693877551021,0.3331710485484467,168.09520033312273
demand_supply,414.77830030238334,478.1472072930252,63.36890699064185,0.15277777777777765,0.3518057801362554,168.21495128169457
demand_supply,227.1825700126456,382.4239928546201,155.2414228419745,0.6833333333333333,0.061034851072991926,23.341191450620666
demand_supply,247.44200182010417,494.88400364020833,247.44200182010417,1.0,0.05,24.744200182010417
demand_supply,213.8232968736634,427.6465937473268,213.8232968736634,1.0,0.05,21.38232968736634
demand_supply,652.5878909594384,1305.1757819188767,652.5878909594384,1.0,0.05,65.25878909594384
demand_supply,289.6463054085282,579.2926108170564,289.6463054085282,1.0,0.05,28.96463054085282
demand_supply,123.762469326047,247.524938652094,123.762469326047,1.0,0.05,12.376246932604701
demand_supply,292.5906288976858,329.7449944719951,37.15436557430928,0.1269841269841269,0.37567738068026674,123.87773581566815
demand_supply,440.93951077757487,881.8790215551497,440.93951077757487,1.0,0.05,44.09395107775749
demand_supply,298.3226183929867,596.6452367859735,298.3226183929867,1.0,0.05,29.832261839298674
demand_supply,629.2044295696749,1258.4088591393497,629.2044295696749,1.0,0.05,62.92044295696749
demand_supply,441.99619244539696,662.9942886680955,220.9980962226985,0.5000000000000001,0.11920292202211753,79.03085649321227
demand_supply,691.5012905566776,1383.0025811133553,691.5012905566776,1.0,0.05,69.15012905566776
demand_supply,106.94859059241988,204.98479863547144,98.03620804305156,0.9166666666666667,0.05,10.249239931773573
demand_supply,561.4385219871201,941.2351692137014,379.7966472265813,0.6764705882352942,0.06262714288997763,58.94686943541875
demand_supply,328.45835687553256,656.9167137510651,328.45835687553256,1.0,0.05,32.845835687553254
demand_supply,133.38738314122594,157.8104251248307,24.423041983604747,0.18309859154929575,0.32466952031212415,51.236235025531165
demand_supply,114.6992021313152,229.3984042626304,114.6992021313152,1.0,0.05,11.469920213131521
demand_supply,237.14338896943255,282.4796250959417,45.336236126509135,0.19117647058823517,0.3176254413050489,89.72271558078324
demand_supply,157.10657171647188,201.99416363546382,44.887591918991944,0.2857142857142856,0.24179617240741016,48.84141561569123
demand_supply,431.251597706785,718.7526628446417,287.5010651378567,0.6666666666666667,0.06496916912866404,46.69676331403117
demand_supply,585.8075881778408,744.133963361041,158.32637518320018,0.27027027027027023,0.2533014866273874,188.4902391692815
demand_supply,647.204374917644,1294.408749835288,647.204374917644,1.0,0.05,64.7204374917644
demand_supply,559.578839787104,1119.157679574208,559.578839787104,1.0,0.05,55.957883978710406
demand_supply,173.1505322724627,327.9366141523915,154.7860818799288,0.893939393939394,0.05,16.396830707619575
demand_supply,198.17046750812375,396.3409350162475,198.17046750812375,1.0,0.05,19.817046750812377
demand_supply,192.7088692483722,385.4177384967444,192.7088692483722,1.0,0.05,19.27088692483722
demand_supply,165.0758241756551,330.1516483513102,165.0758241756551,1.0,0.05,16.507582417565512
demand_supply,379.4680328899806,627.5817467026601,248.11371381267952,0.6538461538461536,0.06815483191708727,42.772728460751836
demand_supply,461.10955384851616,922.2191076970323,461.10955384851616,1.0,0.05,46.11095538485162
demand_supply,234.5672445982206,264.5119992277807,29.944754629560066,0.12765957446808507,0.37504390553427636,99.20361325106636
demand_supply,540.0620306756346,768.5498128845569,228.48778220892234,0.42307692307692313,0.15547259715631853,119.4884354531647
demand_supply,318.84150331304255,637.6830066260851,318.84150331304255,1.0,0.05,31.884150331304255
demand_supply,196.31514152174805,250.84712527778916,54.531983756041114,0.27777777777777773,0.24766380113907163,62.12575255110616
demand_supply,622.4914304114809,933.7371456172214,311.24571520574045,0.5,0.11920292202211755,111.30419615816426
demand_supply,349.6745279402746,651.6661657068753,301.9916377666007,0.8636363636363635,0.05,32.58330828534377
demand_supply,206.1473318707726,235.5969507094544,29.4496188386818,0.14285714285714285,0.36090725483714875,85.02864872855223
demand_supply,635.9330544824535,799.4586970636558,163.5256425812023,0.2571428571428571,0.26336115625709877,210.54636683847804
demand_supply,251.1121418065252,324.60837843282525,73.49623662630006,0.29268292682926833,0.23672275020297484,76.84218808154641
demand_supply,324.098767437868,648.197534875736,324.098767437868,1.0,0.05,32.4098767437868
demand_supply,425.4887347951667,850.9774695903334,425.4887347951667,1.0,0.05,42.54887347951667
demand_supply,470.2690237026412,940.5380474052824,470.2690237026412,1.0,0.05,47.026902370264125
demand_supply,398.051725971793,796.103451943586,398.051725971793,1.0,0.05,39.80517259717931
demand_supply,564.9317250247195,1129.863450049439,564.9317250247195,1.0,0.05,56.49317250247196
demand_supply,238.31899146487595,476.6379829297519,238.31899146487595,1.0,0.05,23.831899146487597
demand_supply,184.95522562926732,369.91045125853464,184.95522562926732,1.0,0.05,18.495522562926734
demand_supply,624.305615960136,1248.611231920272,624.305615960136,1.0,0.05,62.430561596013604
demand_supply,389.3845083155804,482.09510553357575,92.71059721799537,0.2380952380952382,0.27840624539964365,134.2182882571478
demand_supply,574.8939389332888,875.1163292651174,300.2223903318286,0.5222222222222221,0.11018146219695468,96.42159675086228
demand_supply,517.9444619823878,728.3593996627328,210.41493768034502,0.40624999999999994,0.16451646289656321,119.82711214997704
demand_supply,527.1792011771714,1027.9994422954842,500.82024111831277,0.9499999999999998,0.05,51.399972114774215
demand_supply,201.49683080394215,402.9936616078843,201.49683080394215,1.0,0.05,20.149683080394215
demand_supply,627.0167510146084,830.7971950943561,203.78044407974767,0.3249999999999999,0.21416501695744145,177.92769537557757
demand_supply,218.6251778894482,263.1599363484099,44.534758458961676,0.20370370370370372,0.30686543797651183,80.75468912542577
demand_supply,654.676536309137,1110.1036920024496,455.42715569331267,0.6956521739130435,0.05827123647333871,64.68711474660111
demand_supply,293.5602166445157,532.0778926681847,238.51767602366903,0.8125,0.05,26.60389463340924
demand_supply,421.98526198279467,497.0048641130693,75.01960213027462,0.1777777777777778,0.32935337175346385,163.6902277735115
demand_supply,553.7408048680613,598.3973213896792,44.656516521617846,0.08064516129032258,0.42004695391786206,251.35497208234267
demand_supply,330.62430999065225,661.2486199813045,330.62430999065225,1.0,0.05,33.06243099906523
demand_supply,261.4451502998812,457.5290130247921,196.0838627249109,0.7499999999999999,0.05,22.876450651239608
demand_supply,520.0637873298249,1040.1275746596498,520.0637873298249,1.0,0.05,52.00637873298249
demand_supply,117.63327810103034,145.24108826759868,27.607810166568342,0.2346938775510204,0.281147750161318,40.83420519741677
demand_supply,493.0149508584995,591.6179410301994,98.6029901716999,0.2,0.31002551887238755,183.41665914210114
demand_supply,203.11329573964892,289.62451429542534,86.51121855577642,0.4259259259259261,0.15398215890614775,44.59700798335405
demand_supply,421.7762985074602,784.2403050373088,362.4640065298486,0.859375,0.05,39.21201525186544
demand_supply,305.00888586073415,610.0177717214683,305.00888586073415,1.0,0.05,30.500888586073415
demand_supply,317.77188818101894,451.57057794144794,133.798689760429,0.4210526315789473,0.15653873044730007,70.68828497830782
demand_supply,364.9140560714328,729.8281121428656,364.9140560714328,1.0,0.05,36.491405607143285
demand_supply,398.3194964103068,492.9203768077547,94.6008803974479,0.23750000000000007,0.2788848219771369,137.46801153493388
demand_supply,461.30601206640824,774.3350916828996,313.02907961649134,0.6785714285714286,0.062135633086429685,48.11380114275554
demand_supply,358.2348071386952,661.3565670252835,303.12175988658834,0.8461538461538464,0.05,33.067828351264176
demand_supply,224.30710676256516,448.6142135251303,224.30710676256516,1.0,0.05,22.430710676256517
demand_supply,558.3815496134125,664.5526893286388,106.17113971522633,0.19014084507042256,0.31852396275333494,211.67595606334393
demand_supply,660.4425622593634,723.3418539031123,62.89929164374894,0.0952380952380953,0.40589721491219977,293.6024439287006
demand_supply,537.4486716625657,1059.0900294527032,521.6413577901375,0.9705882352941179,0.05,52.954501472635165
demand_supply,480.104370355134,960.208740710268,480.104370355134,1.0,0.05,48.010437035513405
demand_supply,162.28310451017555,297.51902493532185,135.2359204251463,0.8333333333333334,0.05,14.875951246766093
demand_supply,638.0445145215127,804.4909096140813,166.44639509256854,0.2608695652173913,0.2604794189126885,209.5533246568161
demand_supply,420.1110979571745,603.9097033134383,183.7986053562638,0.43749999999999994,0.1480471980316895,89.40713943970346
demand_supply,124.49060049402551,145.60954164926198,21.11894115523647,0.16964285714285712,0.3365802194814209,49.0092914868977
demand_supply,235.27811761739352,470.55623523478704,235.27811761739352,1.0,0.05,23.527811761739354
demand_supply,127.33149010162909,254.66298020325817,127.33149010162909,1.0,0.05,12.73314901016291
demand_supply,391.0269903920518,518.8627372509918,127.83574685894001,0.3269230769230769,0.21287326076274118,110.45200276690005
demand_supply,319.54301971048153,471.32595407296026,151.78293436247873,0.475,0.13010847436299786,61.32350081211725
demand_supply,380.2853707615285,422.5393008461428,42.2539300846143,0.11111111111111116,0.3906824581564393,165.0786927222743
demand_supply,179.62342246641472,352.83172270188606,173.20830023547134,0.9642857142857143,0.05,17.641586135094304
demand_supply,452.112640122952,802.4999362182397,350.3872960952877,0.7749999999999998,0.05,40.12499681091199
demand_supply,565.6691466337952,1131.3382932675904,565.6691466337952,1.0,0.05,56.56691466337952
demand_supply,402.15587758232147,804.3117551646429,402.15587758232147,1.0,0.05,40.21558775823215
demand_supply,689.8421599513094,1379.6843199026189,689.8421599513094,1.0,0.05,68.98421599513095
demand_supply,307.64692809302676,615.2938561860535,307.64692809302676,1.0,0.05,30.764692809302677
demand_supply,186.5262770863605,228.7167445225611,42.190467436200606,0.22619047619047628,0.2880729083393321,65.88709778051818
demand_supply,91.06777716361007,182.13555432722015,91.06777716361007,1.0,0.05,9.106777716361007
demand_supply,143.8549860520897,287.7099721041794,143.8549860520897,1.0,0.05,14.385498605208973
demand_supply,553.837359075948,815.3716675284791,261.53430845253104,0.47222222222222227,0.13137120953080678,107.11636218036715
demand_supply,336.56848365859423,446.8236765812371,110.25519292264289,0.3275862068965516,0.21242914771044893,94.91837279300148
demand_supply,95.02020685904614,111.98810094101867,16.96789408197253,0.17857142857142863,0.32865254651727,36.805174553898865
demand_supply,575.0117219060105,1057.610845648555,482.5991237425444,0.8392857142857141,0.05,52.88054228242775
demand_supply,264.675747588135,422.46321249644626,157.78746490831128,0.5961538461538463,0.08435339855846133,35.63620774000067
demand_supply,185.61792391524813,371.23584783049625,185.61792391524813,1.0,0.05,18.561792391524815
demand_supply,251.1556502722435,465.1030560597102,213.9474057874667,0.8518518518518519,0.05,23.25515280298551
demand_supply,299.689056274687,501.204111355942,201.515055081255,0.6724137931034482,0.06358654741734747,31.869838992504107
demand_supply,92.65681121424488,175.01842118246256,82.36160996821768,0.888888888888889,0.05,8.750921059123128
demand_supply,332.2293764400841,664.4587528801682,332.2293764400841,1.0,0.05,33.22293764400841
demand_supply,184.11208970364285,368.2241794072857,184.11208970364285,1.0,0.05,18.411208970364285
demand_supply,124.5817744544144,249.1635489088288,124.5817744544144,1.0,0.05,12.458177445441441
demand_supply,60.98181721983856,121.96363443967712,60.98181721983856,1.0,0.05,6.098181721983856
demand_supply,35.88598786056829,67.49983430916417,31.61384644859588,0.880952380952381,0.05,3.3749917154582088
demand_supply,132.12301879164062,206.99272944023696,74.86971064859634,0.5666666666666665,0.0939214960192712,19.441066814139297
demand_supply,561.5796822292014,1123.1593644584027,561.5796822292014,1.0,0.05,56.15796822292014
demand_supply,546.3787898746884,910.6313164578141,364.2525265831257,0.6666666666666669,0.06496916912866402,59.16296001280569
demand_supply,147.4597413359118,167.3867334083323,19.926992072420518,0.13513513513513517,0.3680618477193078,61.60867038196997
demand_supply,668.8922140357987,886.2821835974332,217.38996956163453,0.3249999999999999,0.21416501695744145,189.81063887922252
demand_supply,62.06928479024478,74.29505300650511,12.225768216260334,0.19696969696969696,0.3126243161650686,23.226440140606183
demand_supply,477.7411361723483,955.4822723446966,477.7411361723483,1.0,0.05,47.77411361723483
demand_supply,411.0057654245888,822.0115308491776,411.0057654245888,1.0,0.05,41.10057654245888
demand_supply,650.2985711974341,705.9162121551093,55.617640957675235,0.08552631578947362,0.4152981742871245,293.16571410769933
demand_supply,243.22861759627588,486.45723519255176,243.22861759627588,1.0,0.05,24.32286175962759
demand_supply,680.9330686248741,1243.4429948802047,562.5099262553306,0.8260869565217389,0.05,62.172149744010234
demand_supply,432.30725774113824,474.2475140891591,41.94025634802085,0.09701492537313428,0.40418447519758405,191.6834825958856
demand_supply,720.729944900258,1441.459889800516,720.729944900258,1.0,0.05,72.0729944900258
demand_supply,510.4543750320455,1020.908750064091,510.4543750320455,1.0,0.05,51.04543750320455
demand_supply,522.7974318549136,807.9596674121392,285.1622355572256,0.5454545454545454,0.10139514566748078,81.92318817070318
demand_supply,432.16279228896633,475.9630752912264,43.80028300226007,0.10135135135135129,0.40001432873420434,190.39205006488748
demand_supply,382.4570671338528,764.9141342677055,382.4570671338528,1.0,0.05,38.24570671338528
demand_supply,351.43931589566165,702.8786317913233,351.43931589566165,1.0,0.05,35.143931589566165
demand_supply,510.19578633034166,1020.3915726606833,510.19578633034166,1.0,0.05,51.01957863303417
demand_supply,313.92644056486665,528.7182156881964,214.79177512332978,0.6842105263157894,0.06083407421237337,32.16408317060937
demand_supply,372.2298219510593,463.7617453816477,91.53192343058839,0.2459016393442624,0.2721767502866165,126.22516476522614
demand_supply,314.46800852423786,628.9360170484757,314.46800852423786,1.0,0.05,31.446800852423788
demand_supply,491.5779538643877,983.1559077287754,491.5779538643877,1.0,0.05,49.15779538643878
demand_supply,527.1558943563921,878.5931572606535,351.4372629042614,0.6666666666666666,0.06496916912866407,57.08146742935435
demand_supply,432.849396942834,605.9891557199676,173.13975877713358,0.39999999999999997,0.16798161486607555,101.79503696916987
demand_supply,544.6027807887253,652.3887478198271,107.78596703110179,0.1979166666666665,0.3118109158434369,203.4219329436533
demand_supply,470.18271352951473,553.156133564135,82.97342003462023,0.1764705882352941,0.33050932722791165,182.8232615562751
demand_supply,53.5391040086766,66.06953260645197,12.53042859777537,0.23404255319148926,0.2816745904875446,18.610108540625834
demand_supply,352.0685727015968,704.1371454031936,352.0685727015968,1.0,0.05,35.20685727015968
demand_supply,396.3698341114785,423.1515796595514,26.781745548072877,0.06756756756756759,0.43284074528075883,183.1572451065706
demand_supply,367.7829980600229,551.6744970900344,183.89149903001146,0.5,0.11920292202211755,65.76121205821428
demand_supply,352.9356730761453,583.7013054720865,230.76563239594117,0.6538461538461539,0.0681548319170872,39.78206436423442
demand_supply,339.1055825696459,381.4937803908516,42.38819782120572,0.12499999999999996,0.3775406687981454,144.02941699109493
demand_supply,347.8959667426787,495.0827219030428,147.1867551603641,0.4230769230769232,0.15547259715631848,76.97179658148542
demand_supply,469.2509135918648,794.116930693925,324.86601710206025,0.6923076923076923,0.05900971249073765,46.86061176427555
demand_supply,213.8430201203033,427.6860402406066,213.8430201203033,1.0,0.05,21.384302012030332
demand_supply,567.5392184514062,707.0980426607684,139.55882420936223,0.24590163934426237,0.2721767502866165,192.45564738543524
demand_supply,492.179013222281,619.3252583047035,127.14624508242252,0.2583333333333332,0.26243837851237517,162.53471656124432
demand_supply,173.88747446193491,347.77494892386983,173.88747446193491,1.0,0.05,17.38874744619349
demand_supply,418.10682439062094,689.8762602445245,271.76943585390353,0.6499999999999998,0.06913842034334687,47.69695486568209
demand_supply,658.3040013013618,756.3492780909264,98.04527678956458,0.14893617021276603,0.3553178460569104,268.7443963579671
demand_supply,764.5953413909641,927.071851436544,162.47651004557986,0.21249999999999997,0.29943285752602705,277.5957736075888
demand_supply,384.2092919756728,436.3519816009426,52.14268962526984,0.13571428571428562,0.3675231886838483,160.36947166649435
demand_supply,404.6018875393623,490.01784157544995,85.41595403608767,0.2111111111111113,0.30059955909947794,147.2991471284581
demand_supply,446.81702579708536,893.6340515941707,446.81702579708536,1.0,0.05,44.68170257970854
demand_supply,158.1067231747087,214.78649185998165,56.67976868527296,0.35849056603773605,0.192482068212693,41.34254817735802
demand_supply,284.2362895344896,407.14927960345807,122.9129900689685,0.43243243243243257,0.15062215354052136,61.32570130634472
demand_supply,591.2989763287625,639.766105536038,48.46712920727555,0.08196721311475398,0.41875925435439637,267.90797731548736
demand_supply,36.00027803358747,72.00055606717494,36.00027803358747,1.0,0.05,3.6000278033587474
demand_supply,581.1370845965885,1162.274169193177,581.1370845965885,1.0,0.05,58.11370845965885
demand_supply,588.1367698544636,668.8614245403704,80.72465468590678,0.13725490196078433,0.3660918973606951,244.86474798136157
demand_supply,400.2673330229722,584.6009732309199,184.33364020794767,0.46052631578947356,0.13680249701313812,79.97487289430056
demand_supply,575.4102708388258,932.1646387588978,356.754367920072,0.62,0.07727220213665989,72.03041439082409
demand_supply,190.9788526811355,225.7022804413419,34.72342776020642,0.18181818181818163,0.32579349373069416,73.5323344879697
demand_supply,398.1593839328215,796.318767865643,398.1593839328215,1.0,0.05,39.81593839328215
demand_supply,770.8733244527833,895.7330882726003,124.85976381981698,0.16197183098591544,0.34346578184651033,307.6536654893379
demand_supply,211.0820229741896,359.79890279691415,148.71687982272454,0.7045454545454547,0.05634953610678868,20.274501264337665
demand_supply,618.4288567281086,1236.8577134562172,618.4288567281086,1.0,0.05,61.842885672810866
demand_supply,739.2271199769044,880.549951737195,141.32283176029057,0.1911764705882353,0.3176254413050488,279.685067011666
demand_supply,128.7410738814351,171.65476517524684,42.91369129381172,0.3333333333333335,0.20860852732604485,35.80864777170629
demand_supply,584.4917299915722,690.7629536264035,106.27122363483124,0.18181818181818168,0.3257934937306941,225.04607600167944
demand_supply,328.31398217312767,656.6279643462553,328.31398217312767,1.0,0.05,32.83139821731277
demand_supply,274.68037544392655,454.2790824649554,179.59870702102887,0.6538461538461537,0.06815483191708724,30.96131450884765
demand_supply,108.2430435427408,216.4860870854816,108.2430435427408,1.0,0.05,10.824304354274082
demand_supply,181.78093960037765,263.2689470074435,81.48800740706585,0.4482758620689656,0.14269265297281922,37.56654449385267
demand_supply,405.317954516569,453.31613334089957,47.99817882433058,0.11842105263157905,0.3837446119019227,173.95762365778376
demand_supply,775.7916851510323,1122.1272588791717,346.33557372813937,0.44642857142857134,0.14359896874846007,161.13631717958532
demand_supply,289.1296809487768,578.2593618975536,289.1296809487768,1.0,0.05,28.912968094877684
demand_supply,674.132847635612,912.0620879775928,237.92924034198074,0.35294117647058826,0.19595586512068833,178.72391549343055
demand_supply,479.11995337350106,667.3456493416621,188.22569596816106,0.39285714285714274,0.1720128329357614,114.79201569061453
demand_supply,676.4404324115253,810.4522161911672,134.01178377964186,0.19811320754716988,0.3116422420109054,252.57114569652234
demand_supply,54.449538186289914,59.531495083676965,5.081956897387052,0.09333333333333321,0.4077358169392087,24.273122781555514
demand_supply,267.7404170012178,432.50375054042877,164.76333353921098,0.6153846153846155,0.07859884788374212,33.99429649787511
demand_supply,445.4842486108808,668.2263729163212,222.74212430544043,0.5000000000000001,0.11920292202211753,79.65453622386667
demand_supply,210.25675967194184,420.5135193438837,210.25675967194184,1.0,0.05,21.025675967194186
demand_supply,603.8458024755097,642.0199624021222,38.17415992661256,0.0632183908045975,0.43711634409990513,280.63741880437425
demand_supply,464.9915827255092,523.1155305661979,58.123947840688686,0.12500000000000008,0.37754066879814535,197.497387268659
demand_supply,514.9363491532515,1029.872698306503,514.9363491532515,1.0,0.05,51.49363491532515
demand_supply,450.5387531372676,614.3710270053649,163.83227386809733,0.3636363636363637,0.18930300168589806,116.30227956096351
demand_supply,741.3443926126964,1121.0573741948092,379.7129815821128,0.5121951219512195,0.11417566421128998,127.997470317657
demand_supply,631.6312970255759,1092.1957844400583,460.5644874144824,0.7291666666666666,0.05133579311531625,56.06873683143537
demand_supply,71.21364105240121,142.42728210480243,71.21364105240121,1.0,0.05,7.121364105240122
demand_supply,144.60138253530263,172.89295737916618,28.291574843863543,0.19565217391304338,0.3137579249449161,54.246535544877
demand_supply,505.92196882791006,1011.8439376558201,505.92196882791006,1.0,0.05,50.59219688279101
demand_supply,726.3339146351499,1452.6678292702998,726.3339146351499,1.0,0.05,72.633391463515
demand_supply,283.41327875852477,350.0987561134718,66.68547735494701,0.23529411764705885,0.28066276227412973,98.25968395954385
demand_supply,148.18648820169864,197.58198426893154,49.3954960672329,0.3333333333333335,0.20860852732604485,41.21728676449957
demand_supply,158.59209307103367,196.96114784628375,38.36905477525008,0.24193548387096772,0.27533081108179125,54.22947258811791
demand_supply,57.89462608061131,115.78925216122262,57.89462608061131,1.0,0.05,5.7894626080611316
demand_supply,142.5577269374603,285.1154538749206,142.5577269374603,1.0,0.05,14.255772693746032
demand_supply,359.128113102171,710.4490933108166,351.32098020864555,0.9782608695652173,0.05,35.52245466554083
demand_supply,407.5520587692045,815.104117538409,407.5520587692045,1.0,0.05,40.755205876920456
demand_supply,487.3991192361553,615.8952506711416,128.49613143498635,0.26363636363636356,0.2583532045136849,159.11851165564866
demand_supply,89.61312852216915,179.2262570443383,89.61312852216915,1.0,0.05,8.961312852216915
demand_supply,510.6580782397595,887.2684109415821,376.61033270182264,0.7375,0.05,44.36342054707911
demand_supply,171.6271185714875,286.0451976191458,114.41807904765832,0.6666666666666666,0.06496916912866407,18.584118822560423
demand_supply,520.5653406452625,986.3343296436552,465.76898899839273,0.894736842105263,0.05,49.31671648218276
demand_supply,458.096326804516,916.192653609032,458.096326804516,1.0,0.05,45.80963268045161
demand_supply,530.1491563778454,650.637601009174,120.48844463132855,0.22727272727272735,0.2871859013825026,186.85394591916872
demand_supply,200.2582591219043,304.39255386529453,104.13429474339023,0.5199999999999999,0.1110559667114076,33.804609329264494
demand_supply,128.0167601925525,256.033520385105,128.0167601925525,1.0,0.05,12.801676019255252
demand_supply,836.1164185613576,1672.2328371227152,836.1164185613576,1.0,0.05,83.61164185613576
demand_supply,471.08905188849826,852.446855798235,381.35780390973673,0.8095238095238096,0.05,42.622342789911755
demand_supply,50.6401755820817,59.62472286277361,8.984547280691906,0.1774193548387095,0.32967012263933526,19.656489698506952
demand_supply,263.1611767019543,526.3223534039086,263.1611767019543,1.0,0.05,26.31611767019543
demand_supply,524.1655595085831,960.9701924324023,436.8046329238192,0.8333333333333333,0.05,48.04850962162012
demand_supply,330.2265438250878,373.4100149406762,43.18347111558842,0.1307692307692308,0.37213302809995513,138.95819958272332
demand_supply,212.7407519371268,245.98149442730283,33.240742490176046,0.15624999999999994,0.3486451353339458,85.76025141425323
demand_supply,48.928952535474146,69.3160160919217,20.38706355644755,0.41666666666666646,0.15886910488091527,11.012173430434718
demand_supply,734.3951190125542,1162.7922717698775,428.3971527573233,0.5833333333333333,0.08839967720705845,102.79046148331936
demand_supply,281.33950234360725,562.6790046872145,281.33950234360725,1.0,0.05,28.133950234360725
demand_supply,476.28985780068655,952.5797156013731,476.28985780068655,1.0,0.05,47.62898578006866
demand_supply,490.34215832141894,980.6843166428379,490.34215832141894,1.0,0.05,49.034215832141896
demand_supply,363.44477590272385,726.8895518054477,363.44477590272385,1.0,0.05,36.34447759027238
demand_supply,49.83993575677632,59.04948910313717,9.209553346360849,0.18478260869565233,0.3231943229910672,19.08445965365682
demand_supply,516.8295590439432,689.1060787252576,172.27651968131443,0.3333333333333334,0.20860852732604487,143.75340425430153
demand_supply,262.6864663772181,453.73116919701306,191.04470281979496,0.7272727272727272,0.05170599228855575,23.46062033557814
demand_supply,423.5098573724167,642.8274620831324,219.31760471071573,0.5178571428571427,0.11190498516732855,71.9355976095644
demand_supply,373.97563575919594,747.9512715183919,373.97563575919594,1.0,0.05,37.3975635759196
demand_supply,184.24294467848267,368.48588935696534,184.24294467848267,1.0,0.05,18.424294467848267
demand_supply,319.11098294212263,358.99985580988795,39.888872867765315,0.12499999999999996,0.3775406687981454,135.53704566090286
demand_supply,549.2008068168793,1098.4016136337586,549.2008068168793,1.0,0.05,54.920080681687935
demand_supply,427.8571629452071,570.4762172602763,142.61905431506915,0.3333333333333336,0.20860852732604476,119.00620355719899
demand_supply,164.316390505398,328.632781010796,164.316390505398,1.0,0.05,16.4316390505398
demand_supply,638.1340201838489,802.6529472624974,164.51892707864852,0.25781249999999994,0.2628418373713167,210.97077542997738
demand_supply,131.44358716419623,262.88717432839246,131.44358716419623,1.0,0.05,13.144358716419624
demand_supply,55.6373707994896,78.20724763324482,22.569876833755217,0.4056603773584906,0.16484089585525366,12.891752762237742
demand_supply,467.92749485577286,532.3522948721474,64.42480001637449,0.13768115942028977,0.36569630385572727,194.67926658385852
demand_supply,120.24719290813758,240.49438581627516,120.24719290813758,1.0,0.05,12.024719290813758
demand_supply,374.65518279544045,561.9827741931607,187.32759139772025,0.5000000000000001,0.11920292202211753,66.98998880992062
demand_supply,269.44414015954374,513.2269336372261,243.7827934776824,0.9047619047619047,0.05,25.661346681861307
demand_supply,685.6696935694298,977.7141926823351,292.0444991129053,0.425925925925926,0.15398215890614778,150.5505421824073
demand_supply,528.0024896243917,1056.0049792487835,528.0024896243917,1.0,0.05,52.80024896243918
demand_supply,812.0729938599545,1397.24323943551,585.1702455755556,0.7205882352941178,0.05303284648702549,74.09978622201761
demand_supply,118.97305838669006,237.9461167733801,118.97305838669006,1.0,0.05,11.897305838669006
demand_supply,406.5899107855241,644.7354299599025,238.14551917437836,0.5857142857142856,0.08763520188077133,56.50151956422196
demand_supply,134.77582951421903,175.20857836848475,40.432748854265725,0.3000000000000001,0.23147521650098227,40.55644361067433
demand_supply,343.79851998722387,515.6977799808358,171.8992599936119,0.49999999999999994,0.11920292202211757,61.472682254034716
demand_supply,460.28376247761025,920.5675249552205,460.28376247761025,1.0,0.05,46.02837624776103
demand_supply,306.390461217286,612.780922434572,306.390461217286,1.0,0.05,30.639046121728597
demand_supply,251.42113940871516,377.13170911307276,125.7105697043576,0.5000000000000001,0.11920292202211753,44.95520171347352
demand_supply,614.63671317069,839.5038033550886,224.86709018439865,0.3658536585365852,0.18794562130459136,157.78106390913962
demand_supply,231.1651667910225,462.330333582045,231.1651667910225,1.0,0.05,23.11651667910225
demand_supply,117.76366453355408,175.30727333972257,57.54360880616849,0.4886363636363638,0.12405856789479187,21.74836927206681
demand_supply,253.4912438007839,411.92327117627383,158.43202737548992,0.6249999999999999,0.07585818002124359,31.24774965982932
demand_supply,404.59839918890424,596.7826388036337,192.1842396147295,0.475,0.13010847436299786,77.64647866106479
demand_supply,135.1772701347079,143.52154606894914,8.344275934241239,0.061728395061728475,0.4385833174171478,62.94615579575772
demand_supply,360.8585507409454,491.1685829529535,130.31003221200808,0.36111111111111116,0.19085804424486544,93.74347513692265
demand_supply,231.3263184773236,277.9368453346948,46.610526857371184,0.20149253731343286,0.30874989662636704,85.81297226574559
demand_supply,286.40929438543196,572.8185887708639,286.40929438543196,1.0,0.05,28.640929438543196
demand_supply,508.7118174567975,1017.423634913595,508.7118174567975,1.0,0.05,50.871181745679756
demand_supply,721.7212691270341,1443.4425382540683,721.7212691270341,1.0,0.05,72.17212691270342
demand_supply,552.2693747461685,1104.538749492337,552.2693747461685,1.0,0.05,55.226937474616854
demand_supply,510.62689141008207,880.8313876823917,370.2044962723096,0.7250000000000002,0.052153563078417696,45.9384953389438
demand_supply,415.9794524398186,541.8679709413427,125.88851850152412,0.3026315789473686,0.22960793868712817,124.41718784841837
demand_supply,660.0597080304599,1100.0995133841,440.0398053536401,0.6666666666666669,0.06496916912866402,71.47255134341258
demand_supply,644.0445755475266,1037.6273717154595,393.5827961679329,0.611111111111111,0.07984576661461427,82.85015295492819
demand_supply,710.884313751738,1421.768627503476,710.884313751738,1.0,0.05,71.0884313751738
demand_supply,478.20015364109577,956.4003072821915,478.20015364109577,1.0,0.05,47.82001536410958
demand_supply,744.4180991800615,1044.5866875591187,300.16858837905716,0.40322580645161304,0.16618592892610992,173.59560901586028
demand_supply,478.7697584495512,857.7958172221126,379.02605877256144,0.7916666666666669,0.05,42.88979086110564
demand_supply,104.0560727191975,208.112145438395,104.0560727191975,1.0,0.05,10.40560727191975
demand_supply,486.18392763702786,953.6684734418623,467.4845458048344,0.9615384615384613,0.05,47.68342367209311
demand_supply,657.0936874279021,971.9510793204383,314.85739189253627,0.47916666666666646,0.12823373759251935,124.63691965834306
demand_supply,96.3007413779792,192.6014827559584,96.3007413779792,1.0,0.05,9.63007413779792
demand_supply,609.9082747031204,1219.8165494062407,609.9082747031204,1.0,0.05,60.99082747031204
demand_supply,502.1012063441772,692.8996647549645,190.7984584107873,0.3799999999999999,0.17946151940732688,124.34882663375336
demand_supply,465.719058488387,931.438116976774,465.719058488387,1.0,0.05,46.5719058488387
demand_supply,308.43591786214927,539.7628562587612,231.32693839661192,0.7499999999999999,0.05,26.98814281293806
demand_supply,806.0212701919081,1612.0425403838162,806.0212701919081,1.0,0.05,80.60212701919082
demand_supply,576.9675719994219,1153.9351439988438,576.9675719994219,1.0,0.05,57.6967571999422
demand_supply,284.2944207006542,339.7077399897647,55.41331928911052,0.19491525423728798,0.31439294926839323,106.80171826468262
demand_supply,478.3662772118347,837.1409851207108,358.77470790887605,0.7500000000000001,0.05,41.85704925603554
demand_supply,119.4823999754907,194.1588999601724,74.6764999846817,0.6250000000000001,0.07585818002124352,14.728540785905368
demand_supply,532.5097779421501,1065.0195558843002,532.5097779421501,1.0,0.05,53.25097779421501
demand_supply,291.9008795114952,583.8017590229904,291.9008795114952,1.0,0.05,29.190087951149522
demand_supply,707.8553931548287,1415.7107863096574,707.8553931548287,1.0,0.05,70.78553931548286
demand_supply,435.7154538108565,669.7107901166868,233.99533630583028,0.5370370370370369,0.1045043985122846,69.98772329833123
demand_supply,504.0841142440527,1008.1682284881055,504.0841142440527,1.0,0.05,50.40841142440527
demand_supply,497.3770093020007,994.7540186040014,497.3770093020007,1.0,0.05,49.73770093020008
demand_supply,460.8002858653508,921.6005717307016,460.8002858653508,1.0,0.05,46.080028586535086
demand_supply,272.4960775620536,408.74411634308035,136.24803878102676,0.4999999999999999,0.1192029220221176,48.723493027443574
demand_supply,246.9535423209308,493.9070846418616,246.9535423209308,1.0,0.05,24.69535423209308
demand_supply,482.7422075016093,931.0028287531037,448.2606212514944,0.9285714285714287,0.05,46.550141437655185
demand_supply,205.495759583372,272.19175172885235,66.69599214548035,0.3245614035087717,0.21446042530361756,58.37435883990636
demand_supply,531.6062153403296,726.5284942984505,194.92227895812084,0.36666666666666664,0.18744979299574127,136.18761586175214
demand_supply,550.9983736824666,1101.9967473649333,550.9983736824666,1.0,0.05,55.09983736824667
demand_supply,396.9586997774456,793.9173995548912,396.9586997774456,1.0,0.05,39.695869977744564
demand_supply,318.2115758092651,369.9209568782707,51.70938106900559,0.1625,0.34298953732650117,126.87901784705467
demand_supply,427.05506120680275,718.2289665750774,291.17390536827463,0.6818181818181819,0.06138310740349217,44.087125795577165
demand_supply,448.31285347772814,711.4530066059599,263.14015312823176,0.5869565217391305,0.08723872180786202,62.06625092266435
demand_supply,455.4083398759809,671.1280798172351,215.71973994125415,0.4736842105263159,0.1307053204988673,87.7200107683011
demand_supply,179.17081970350634,358.3416394070127,179.17081970350634,1.0,0.05,17.917081970350633
demand_supply,104.18588264010208,114.10834765344515,9.922465013343071,0.0952380952380954,0.40589721491219966,46.31626051076642
demand_supply,91.67748868757226,183.35497737514453,91.67748868757226,1.0,0.05,9.167748868757227
demand_supply,264.08573637935564,299.29716789660307,35.21143151724743,0.1333333333333334,0.36973977708224864,110.66206813943836
demand_supply,424.65693227127065,849.3138645425413,424.65693227127065,1.0,0.05,42.46569322712707
demand_supply,218.9504185416184,278.37981786005764,59.42939931843924,0.27142857142857124,0.25242616509063365,70.27034986104344
demand_supply,248.17033364227856,326.75760596233346,78.5872723200549,0.3166666666666667,0.21982839774068247,71.83060096828103
demand_supply,422.4367392307234,844.8734784614468,422.4367392307234,1.0,0.05,42.24367392307234
demand_supply,280.5240756909656,420.7861135364484,140.26203784548278,0.4999999999999999,0.1192029220221176,50.15893427987518
demand_supply,565.9834811108678,758.4178646885629,192.43438357769503,0.3399999999999999,0.20424030228409185,154.89949394164753
demand_supply,828.2131345744126,1271.8987423821338,443.6856078077212,0.5357142857142859,0.10500058502026474,133.55011203666305
demand_supply,132.84680584297232,265.69361168594463,132.84680584297232,1.0,0.05,13.284680584297233
demand_supply,86.17345483820148,172.34690967640296,86.17345483820148,1.0,0.05,8.617345483820149
demand_supply,545.3868063047398,1090.7736126094796,545.3868063047398,1.0,0.05,54.53868063047398
demand_supply,531.0619846358322,1062.1239692716645,531.0619846358322,1.0,0.05,53.106198463583226
demand_supply,108.6023564641184,129.11613490734078,20.513778443222378,0.18888888888888902,0.3196119799948392,41.267063527015964
demand_supply,462.66304412150464,925.3260882430093,462.66304412150464,1.0,0.05,46.26630441215047
demand_supply,254.9510771161675,418.84819811941804,163.89712100325053,0.6428571428571428,0.0710000191507991,29.738230087756378
demand_supply,271.0126649576171,476.45774968355266,205.44508472593554,0.7580645161290323,0.05,23.822887484177635
demand_supply,424.48842846396354,848.9768569279271,424.48842846396354,1.0,0.05,42.44884284639636
demand_supply,151.77728650517233,166.95501515568958,15.177728650517253,0.10000000000000013,0.40131233988754783,67.00110778809079
demand_supply,383.07490640970946,511.8673318405601,128.79242543085064,0.33620689655172425,0.20671728472655537,105.81182497830727
demand_supply,97.78450586126137,104.13414909900563,6.34964323774426,0.0649350649350651,0.43542755917761755,45.34287836921812
demand_supply,119.59407325541466,239.1881465108293,119.59407325541466,1.0,0.05,11.959407325541466
demand_supply,126.57277068445282,161.48939708016397,34.91662639571115,0.27586206896551746,0.24909434909519715,40.226096251459275
demand_supply,829.5343798843528,1503.5310635403894,673.9966836560366,0.8124999999999999,0.05,75.17655317701947
demand_supply,418.815349545453,628.2230243181795,209.40767477272647,0.49999999999999994,0.11920292202211757,74.88602018029881
demand_supply,233.21310275336953,466.42620550673905,233.21310275336953,1.0,0.05,23.321310275336955
demand_supply,701.141472496938,1306.672744198839,605.5312717019009,0.8636363636363634,0.05,65.33363720994195
demand_supply,388.72966746525947,759.789804591189,371.0601371259295,0.9545454545454546,0.05,37.98949022955945
demand_supply,528.60807288888,723.9632302608572,195.35515737197727,0.36956521739130416,0.18569024839246806,134.43291205415213
demand_supply,382.03843862699455,488.16022713449297,106.12178850749842,0.2777777777777776,0.24766380113907174,120.89961741704116
demand_supply,587.331264277609,1174.662528555218,587.331264277609,1.0,0.05,58.7331264277609
demand_supply,167.7398193291184,184.07811341961695,16.33829409049855,0.09740259740259744,0.40381109499004514,74.33278454367725
demand_supply,304.8360144837103,405.54076926850746,100.70475478479716,0.3303571428571429,0.21058071460793756,85.39906499521503
demand_supply,354.1540979676975,432.06799952059094,77.91390155289344,0.21999999999999995,0.2931777789064325,126.67273643599239
demand_supply,250.4603273046531,360.66287131870047,110.20254401404736,0.44,0.14679033980138237,52.94182543461429
demand_supply,495.2197782062817,990.4395564125634,495.2197782062817,1.0,0.05,49.52197782062817
demand_supply,301.5483736351267,467.0322372153792,165.4838635802525,0.5487804878048781,0.10018939557195697,46.79167755922767
demand_supply,433.03454356764814,649.5518153514722,216.51727178382407,0.5,0.11920292202211755,77.42847439466644
demand_supply,671.4712089285143,905.2870763232647,233.8158673947504,0.34821428571428553,0.19895202197871967,180.10869430571702
demand_supply,49.71329085631081,52.50617236509232,2.7928815087815053,0.056179775280898854,0.44405545392917123,23.315652203664374
demand_supply,408.12976999912195,765.2433187483537,357.1135487492317,0.875,0.05,38.262165937417684
demand_supply,329.4837131421355,358.5558054782063,29.072092336070796,0.0882352941176471,0.4126693756180091,147.9650003709037
demand_supply,383.3178042225475,499.3218765530554,116.00407233050788,0.30263157894736864,0.22960793868712812,114.6482668167357
demand_supply,313.06815696851334,443.5132223720605,130.44506540354718,0.4166666666666665,0.15886910488091524,70.46054864109956
demand_supply,706.6896358975697,979.7288134034488,273.03917750587914,0.3863636363636363,0.17574374289308012,172.18120868771817
demand_supply,142.6153122038585,285.230624407717,142.6153122038585,1.0,0.05,14.261531220385852
demand_supply,708.8224028092762,989.6765624129519,280.8541596036756,0.3962264150943398,0.1701018424817628,168.34580672746043
demand_supply,593.065918046481,1186.131836092962,593.065918046481,1.0,0.05,59.3065918046481
demand_supply,604.3834014812801,1208.7668029625602,604.3834014812801,1.0,0.05,60.43834014812801
demand_supply,100.2582627032478,200.5165254064956,100.2582627032478,1.0,0.05,10.02582627032478
demand_supply,685.7612504810801,1290.8447067879154,605.0834563068353,0.8823529411764705,0.05,64.54223533939577
demand_supply,446.41301231617626,892.8260246323525,446.41301231617626,1.0,0.05,44.64130123161763
demand_supply,291.107936848218,582.215873696436,291.107936848218,1.0,0.05,29.1107936848218
demand_supply,193.64239387562827,258.1898585008377,64.54746462520944,0.3333333333333334,0.20860852732604487,53.86060615237967
demand_supply,304.52612995371493,349.7292273687195,45.20309741500455,0.14843749999999997,0.35577489351363034,124.42487862571039
demand_supply,386.8349332947659,773.6698665895318,386.8349332947659,1.0,0.05,38.68349332947659
demand_supply,230.83258579661484,327.0128298785377,96.18024408192284,0.41666666666666663,0.15886910488091516,51.95223556737827
demand_supply,333.9106726820272,667.8213453640544,333.9106726820272,1.0,0.05,33.391067268202725
demand_supply,353.8098038704909,409.0925857252551,55.28278185476421,0.15625000000000003,0.34864513533394575,142.62813991429536
demand_supply,293.19813425701705,586.3962685140341,293.19813425701705,1.0,0.05,29.319813425701707
demand_supply,447.0830688438079,894.1661376876158,447.0830688438079,1.0,0.05,44.70830688438079
demand_supply,584.888884974888,671.2929248007238,86.40403982583575,0.14772727272727276,0.35642629383387314,239.2664492636229
demand_supply,488.1872511532145,976.374502306429,488.1872511532145,1.0,0.05,48.818725115321456
demand_supply,246.7577555097292,493.5155110194584,246.7577555097292,1.0,0.05,24.675775550972922
demand_supply,312.1731588463509,425.69067115411485,113.51751230776398,0.3636363636363637,0.18930300168589806,80.58452183915848
demand_supply,576.281119337865,792.3865390895644,216.1054197516994,0.37500000000000006,0.18242552380635632,144.5515294505196
demand_supply,381.391205400882,507.44423091473277,126.0530255138508,0.33050847457627114,0.2104801048296338,106.80691491812586
demand_supply,543.7702542024564,1087.5405084049128,543.7702542024564,1.0,0.05,54.377025420245644
demand_supply,472.5224037960476,816.1750611022641,343.65265730621644,0.7272727272727273,0.05170599228855573,42.201141415465166
demand_supply,286.05897011629656,434.0205063833465,147.96153626704995,0.5172413793103449,0.11215000314621304,48.67540115641329
demand_supply,88.95619552388446,169.01677149538045,80.060575971496,0.8999999999999998,0.05,8.450838574769023
demand_supply,646.9811778631195,738.2221132027901,91.24093533967061,0.1410256410256409,0.362598737977265,267.6784065942413
demand_supply,292.9246564000302,514.5973693514044,221.6727129513742,0.7567567567567568,0.05,25.72986846757022
demand_supply,395.769846813748,611.644308712156,215.87446189840796,0.5454545454545453,0.10139514566748081,62.01776377855466
demand_supply,279.6798100890559,551.9996251757682,272.3198150867123,0.9736842105263158,0.05,27.59998125878841
demand_supply,192.50297743378897,318.833056374713,126.33007894092404,0.6562500000000001,0.06754669113962908,21.536117984046687
demand_supply,351.77029329216225,433.64786155844143,81.87756826627918,0.23275862068965528,0.2827148875200413,122.59870640380122
demand_supply,555.4019371049674,1110.8038742099347,555.4019371049674,1.0,0.05,55.54019371049674
demand_supply,395.3781570382596,741.3340444467367,345.9558874084771,0.8749999999999999,0.05,37.066702222336836
demand_supply,261.5103067801241,323.04214366956506,61.53183688944097,0.23529411764705885,0.28066276227412973,90.6659003732564
demand_supply,397.5648404411393,578.2761315507481,180.7112911096088,0.4545454545454546,0.13965218341676008,80.75752438885957
demand_supply,735.2764383329761,900.0797779593328,164.80333962635666,0.22413793103448268,0.28975963425651263,260.8067872631794
demand_supply,289.4570095389695,385.9426793852927,96.48566984632322,0.33333333333333354,0.2086085273260448,80.51093397883378
demand_supply,97.6750013649232,119.97038211126436,22.295380746341152,0.22826086956521724,0.28637745140784193,34.35681227344884
demand_supply,197.46392160702553,394.92784321405105,197.46392160702553,1.0,0.05,19.746392160702555
demand_supply,762.8822843495781,926.3570595673449,163.47477521776682,0.2142857142857144,0.2979366301210703,275.9957006163583
demand_supply,512.44939271165,1024.8987854233,512.44939271165,1.0,0.05,51.24493927116501
demand_supply,484.4661863877365,778.6063709802909,294.14018459255436,0.6071428571428572,0.08101976866530781,63.082508058158005
demand_supply,353.01840875622844,706.0368175124569,353.01840875622844,1.0,0.05,35.301840875622844
demand_supply,539.7316715337728,866.411367462109,326.6796959283362,0.6052631578947368,0.08158135141683653,70.6830102404682
demand_supply,114.16365482248573,228.32730964497145,114.16365482248573,1.0,0.05,11.416365482248573
demand_supply,521.4080460440558,1042.8160920881116,521.4080460440558,1.0,0.05,52.14080460440559
demand_supply,450.3878805106937,675.5818207660406,225.19394025534683,0.49999999999999994,0.11920292202211757,80.53132710033454
demand_supply,82.69156896202661,142.41325765682362,59.72168869479701,0.7222222222222224,0.0527055660828902,7.505971362511385
demand_supply,34.57409278115731,36.75981129031093,2.1857185091536167,0.06321839080459751,0.43711634409990513,16.06831432102313
demand_supply,535.1718879088473,840.9843952853315,305.8125073764842,0.5714285714285714,0.09231302875229802,77.63381666220877
demand_supply,333.4011668412356,577.0404810713693,243.63931423013372,0.7307692307692308,0.05102450721573802,29.44320619019902
demand_supply,179.8388198801664,254.77166149690237,74.93284161673597,0.4166666666666665,0.15886910488091524,40.47534581103642
demand_supply,241.9912178461052,483.9824356922104,241.9912178461052,1.0,0.05,24.199121784610522
demand_supply,369.3803924019288,533.5494556916749,164.16906328974608,0.44444444444444425,0.14457775046587734,77.13938006619566
demand_supply,704.3001292247022,756.6467604508625,52.3466312261603,0.07432432432432431,0.42621831388227366,322.4967064438513
demand_supply,466.9720738288303,933.9441476576606,466.9720738288303,1.0,0.05,46.69720738288303
demand_supply,41.12164471941277,47.87734349474486,6.7556987753320925,0.16428571428571415,0.3413817208010609,16.34444990961948
demand_supply,404.02979977887577,808.0595995577515,404.02979977887577,1.0,0.05,40.40297997788758
demand_supply,423.75441798529033,847.5088359705807,423.75441798529033,1.0,0.05,42.37544179852904
demand_supply,165.72466245477892,290.01815929586314,124.29349684108422,0.7500000000000002,0.05,14.500907964793157
demand_supply,578.8213877560842,913.2515229040439,334.43013514795973,0.5777777777777777,0.09020691469823461,82.38160222463793
demand_supply,707.4493979183783,1414.8987958367566,707.4493979183783,1.0,0.05,70.74493979183784
demand_supply,542.8095730212775,1085.619146042555,542.8095730212775,1.0,0.05,54.28095730212775
demand_supply,513.9900766589533,728.1526086001837,214.16253194123044,0.41666666666666646,0.15886910488091527,115.68095314501463
demand_supply,298.3556200090825,571.8482716840748,273.4926516749923,0.9166666666666667,0.05,28.59241358420374
demand_supply,183.2701656673754,366.5403313347508,183.2701656673754,1.0,0.05,18.32701656673754
demand_supply,468.3069201504469,629.7920650299113,161.48514487946443,0.3448275862068965,0.2011197842325749,126.66364423020354
demand_supply,220.4983368386397,257.2480596450796,36.749722806439905,0.16666666666666646,0.33924363123418305,87.26976588194451
demand_supply,265.94661511348426,487.5687943747211,221.62217926123685,0.8333333333333333,0.05,24.378439718736058
demand_supply,311.4894374116108,622.9788748232216,311.4894374116108,1.0,0.05,31.148943741161084
demand_supply,647.8477765247827,1004.1640536134132,356.3162770886305,0.55,0.09975048911968513,100.1658555043437
demand_supply,383.9141419544756,575.8712129317134,191.95707097723783,0.5000000000000001,0.11920292202211753,68.64553128988128
demand_supply,557.916185756397,765.142197608773,207.22601185237602,0.3714285714285714,0.18456586124348087,141.21912867539282
demand_supply,228.7960083986281,457.5920167972562,228.7960083986281,1.0,0.05,22.87960083986281
demand_supply,237.76862211931405,335.67334887432565,97.90472675501161,0.4117647058823527,0.16150685429648465,54.21354664785877
demand_supply,297.0874038526085,408.4951802973367,111.4077764447282,0.37500000000000006,0.18242552380635632,74.51994723811362
demand_supply,794.3231511066332,1376.8267952514975,582.5036441448643,0.7333333333333333,0.05053016223541348,69.57128133412259
demand_supply,563.8497971641384,716.3665455773889,152.51674841325053,0.2704918032786885,0.25313392039541077,181.33667212212217
demand_supply,339.2870734791633,678.5741469583267,339.2870734791633,1.0,0.05,33.92870734791634
demand_supply,248.94765537056492,407.0630581059237,158.11540273535877,0.635135135135135,0.07306455625568002,29.741881708589407
demand_supply,279.2686999169939,453.8116373651151,174.54293744812117,0.6249999999999999,0.07585818002124359,34.42532488297821
demand_supply,145.04223833476908,191.3751755805981,46.332937245829015,0.3194444444444445,0.21792873238451504,41.70614942414374
demand_supply,241.8259564507362,483.6519129014724,241.8259564507362,1.0,0.05,24.18259564507362
demand_supply,430.60985477056624,732.0367531099625,301.4268983393963,0.6999999999999998,0.057324175898868776,41.963403599712265
demand_supply,219.99370680056552,247.90335617078654,27.909649370221018,0.12686567164179113,0.37578851913037814,93.15923510287057
demand_supply,366.7282586383836,733.4565172767672,366.7282586383836,1.0,0.05,36.67282586383836
demand_supply,356.8814026432877,713.7628052865754,356.8814026432877,1.0,0.05,35.68814026432877
demand_supply,441.4714772887345,698.9965057071629,257.5250284184284,0.5833333333333333,0.08839967720705845,61.79106547337499
demand_supply,230.1431447581205,295.0553137924622,64.91216903434167,0.282051282051282,0.24449249022134328,72.13880842215893
demand_supply,158.89198003545,248.02650542119022,89.13452538574023,0.5609756097560975,0.09587672729872529,23.779969623123264
demand_supply,766.9193242115463,1200.3954639832898,433.47613977174353,0.5652173913043478,0.09441599349470471,113.33653031851934
demand_supply,466.7229822330101,664.1827054854375,197.4597232524274,0.4230769230769232,0.15547259715631848,103.26221020813114
demand_supply,233.50662384935427,467.01324769870854,233.50662384935427,1.0,0.05,23.35066238493543
demand_supply,104.1037337805616,114.69055416502549,10.586820384463891,0.1016949152542373,0.3996845488150452,45.84004239479572
demand_supply,38.33576819209958,48.731908718770654,10.396140526671076,0.2711864406779662,0.25260897617126665,12.310117568320278
demand_supply,761.0167600703148,1250.2418201155172,489.2250600452023,0.6428571428571428,0.0710000191507991,88.76719317133166
demand_supply,284.8625062809567,569.7250125619134,284.8625062809567,1.0,0.05,28.486250628095675
demand_supply,216.06019585156733,400.11147379919873,184.0512779476314,0.8518518518518517,0.05,20.005573689959938
demand_supply,39.37370119886104,59.06055179829156,19.68685059943052,0.5,0.11920292202211755,7.040190350594983
demand_supply,471.7821019342959,754.8513630948735,283.0692611605776,0.6000000000000001,0.08317269649392235,62.78302332071349
demand_supply,508.6730024657942,722.8511087671812,214.17810630138706,0.42105263157894746,0.1565387304473,113.1541948688377
demand_supply,95.11851081754354,161.70146838982402,66.58295757228048,0.7000000000000001,0.05732417589886873,9.269403417083634
demand_supply,735.1444900755255,1162.002581087121,426.85809101159543,0.5806451612903226,0.08927002807903478,103.73200304155817
demand_supply,456.60307303079816,541.0433673584115,84.44029432761334,0.18493150684931503,0.32306405693130974,174.7916652345854
demand_supply,122.24187517858556,244.48375035717112,122.24187517858556,1.0,0.05,12.224187517858557
demand_supply,599.8171406236374,1099.664757810002,499.84761718636446,0.8333333333333333,0.05,54.9832378905001
demand_supply,438.5186068324803,877.0372136649606,438.5186068324803,1.0,0.05,43.851860683248034
demand_supply,516.1330392078827,1023.9413519769286,507.80831276904587,0.9838709677419355,0.05,51.19706759884643
demand_supply,397.4831040703401,571.8889558563058,174.40585178596564,0.43877551020408184,0.1474048364443765,84.299198002344
demand_supply,317.8400260939533,399.44760036131976,81.60757426736643,0.25675675675675685,0.26366088281463257,105.3187069494521
demand_supply,330.78364034759613,370.38449869906896,39.60085835147282,0.11971830985915508,0.3825182286066473,141.67882234572892
demand_supply,743.3166378180009,1059.62159008098,316.3049522629791,0.425531914893617,0.1541875847653709,163.3804937398282
demand_supply,274.17127731249116,548.3425546249823,274.17127731249116,1.0,0.05,27.417127731249117
demand_supply,462.4075929220183,650.7958715198777,188.38827859785937,0.40740740740740755,0.16388110456808863,106.65314627302945
demand_supply,533.0802632142761,799.6203948214142,266.54013160713805,0.5,0.11920292202211755,95.31708757119188
demand_supply,143.2178421949143,286.4356843898286,143.2178421949143,1.0,0.05,14.321784219491432
demand_supply,574.9456425421428,1006.1548744487499,431.2092319066071,0.75,0.05,50.30774372243749
demand_supply,215.74176164066196,389.53373629563964,173.79197465497768,0.8055555555555555,0.05,19.476686814781985
demand_supply,129.7685299495176,139.26378823850672,9.495258288989106,0.07317073170731717,0.4273471694017482,59.51398570389032
demand_supply,321.0007657787772,642.0015315575544,321.0007657787772,1.0,0.05,32.10007657787772
demand_supply,172.59277503910292,195.686174516166,23.093399477063087,0.13380281690140858,0.3693022649405996,72.26734746638155
demand_supply,455.20978516158993,910.4195703231799,455.20978516158993,1.0,0.05,45.520978516159
demand_supply,199.83974409069756,344.1684481562014,144.32870406550384,0.7222222222222224,0.0527055660828902,18.13959288794244
demand_supply,281.0970650985199,562.1941301970398,281.0970650985199,1.0,0.05,28.109706509851993
demand_supply,413.54800185803066,827.0960037160613,413.54800185803066,1.0,0.05,41.35480018580307
demand_supply,134.09432585149492,268.18865170298983,134.09432585149492,1.0,0.05,13.409432585149492
demand_supply,378.50396161301137,757.0079232260227,378.50396161301137,1.0,0.05,37.85039616130114
demand_supply,162.05358553352147,324.10717106704294,162.05358553352147,1.0,0.05,16.20535855335215
demand_supply,513.1161277813304,930.0229816036614,416.90685382233096,0.8125,0.05,46.50114908018307
demand_supply,308.6385554813678,617.2771109627356,308.6385554813678,1.0,0.05,30.863855548136783
demand_supply,239.08854651007988,423.00281305629517,183.9142665462153,0.7692307692307692,0.05,21.15014065281476
demand_supply,562.1650160715976,899.4640257145562,337.2990096429586,0.6000000000000001,0.08317269649392235,74.81084841795835
demand_supply,467.0198948894929,589.0819128719739,122.06201798248105,0.26136363636363624,0.2600989076709982,153.21956206674255
demand_supply,327.43334173812747,654.8666834762549,327.43334173812747,1.0,0.05,32.74333417381275
demand_supply,332.0936161256213,487.9742930825455,155.88067695692422,0.46938775510204067,0.132670421711417,64.7397552475919
demand_supply,457.0853188522962,615.7954990093435,158.71018015704732,0.34722222222222227,0.1995851986537325,122.90366699985417
demand_supply,552.8162271192283,1105.6324542384566,552.8162271192283,1.0,0.05,55.281622711922836
demand_supply,281.0521288708149,362.03325074884634,80.98112187803144,0.2881355932203391,0.24002501469107762,86.89703632965043
demand_supply,288.3451530321269,576.6903060642538,288.3451530321269,1.0,0.05,28.834515303212694
demand_supply,666.8242060496077,767.3045658653022,100.48035981569444,0.1506849315068495,0.3537171380601867,271.4087750583887
demand_supply,436.0192372930386,687.0606163405456,251.041379047507,0.5757575757575756,0.0908723033919873,62.43478077678385
demand_supply,248.22030676592635,478.71059162000086,230.4902848540745,0.9285714285714287,0.05,23.935529581000043
demand_supply,493.2338839519256,986.4677679038512,493.2338839519256,1.0,0.05,49.32338839519256
demand_supply,291.5110820764234,314.747472676718,23.236390600294612,0.07971014492753621,0.420958333418331,132.49557154562288
demand_supply,459.0606514814432,918.1213029628864,459.0606514814432,1.0,0.05,45.90606514814432
demand_supply,603.9358824371426,1159.5568942793138,555.6210118421712,0.92,0.05,57.977844713965695
demand_supply,502.6040622268877,918.2189598375833,415.61489761069555,0.8269230769230768,0.05,45.91094799187917
demand_supply,74.78832688768996,99.02528467536726,24.236957787677298,0.324074074074074,0.21478900409534316,21.26954227567998
demand_supply,126.23081147979764,148.6266006133101,22.395789133512466,0.17741935483870952,0.3296701226393352,48.997749651657436
demand_supply,319.94237960548924,416.9740848956786,97.03170529018934,0.3032786885245901,0.22915039515387647,95.54977632277078
demand_supply,207.61291922267668,415.22583844535336,207.61291922267668,1.0,0.05,20.76129192226767
demand_supply,304.74417790488224,567.4546760987462,262.71049819386394,0.8620689655172412,0.05,28.37273380493731
demand_supply,481.7658793191911,963.5317586383821,481.7658793191911,1.0,0.05,48.17658793191911
demand_supply,83.3353748167845,166.670749633569,83.3353748167845,1.0,0.05,8.33353748167845
demand_supply,513.6451022177532,865.8588865956411,352.2137843778879,0.6857142857142857,0.06049132177549988,52.37694852123299
demand_supply,561.374877548703,1122.749755097406,561.374877548703,1.0,0.05,56.13748775487031
demand_supply,516.51117285383,1033.02234570766,516.51117285383,1.0,0.05,51.651117285383
demand_supply,666.4286805847338,999.6430208771008,333.21434029236696,0.5000000000000001,0.11920292202211753,119.16036906756705
demand_supply,573.2085393656391,1146.4170787312783,573.2085393656391,1.0,0.05,57.320853936563914
demand_supply,283.79792515074917,452.98514975984966,169.1872246091005,0.5961538461538463,0.08435339855846133,38.21083687875689
demand_supply,66.78323718712389,121.78119722357886,54.99796003645497,0.823529411764706,0.05,6.089059861178943
demand_supply,289.2390324634591,578.4780649269183,289.2390324634591,1.0,0.05,28.923903246345915
demand_supply,147.42638660593482,175.77761479938383,28.351228193449003,0.1923076923076923,0.316645529812217,55.659195967278684
demand_supply,552.2304431046015,1104.460886209203,552.2304431046015,1.0,0.05,55.22304431046015
demand_supply,632.5601419476765,959.0427958561546,326.48265390847814,0.5161290322580645,0.11259380445309786,107.98227701878012
demand_supply,494.74525748477635,838.3183529603155,343.5730954755391,0.6944444444444444,0.0585369028743679,49.07256000503805
demand_supply,118.98653335805044,199.72739527958467,80.74086192153423,0.6785714285714286,0.062135633086429685,12.41018815040058
demand_supply,91.38952597435124,111.256814229645,19.867288255293758,0.2173913043478262,0.29534477927178054,32.85911924113599
demand_supply,424.15598670174626,826.3728706430574,402.2168839413111,0.9482758620689655,0.05,41.31864353215287
demand_supply,157.36483032789283,314.72966065578566,157.36483032789283,1.0,0.05,15.736483032789284
demand_supply,279.09504825213924,413.4741455587248,134.37909730658555,0.48148148148148145,0.12720220461989898,52.59482286839881
demand_supply,655.065105532243,733.0490466670338,77.98394113479083,0.11904761904761903,0.3831520914074692,280.8692753347255
