policy,base_price,proposed_price,price_delta,price_delta_pct,acceptance_probability,expected_revenue
ridge_model,284.25727302188227,367.4158983965604,83.15862537467814,0.29254704546566357,0.2368209712012814,87.01178989306476
ridge_model,173.87475274940766,154.48260140190766,-19.392151347500004,-0.11152942587040468,0.6097157876749499,94.19048099583945
ridge_model,329.7954689622466,316.9238093840283,-12.871659578218328,-0.03902921898448463,0.5389501418080562,170.80613200987142
ridge_model,470.2012317513198,523.693635194497,53.49240344317718,0.11376491559568747,0.38815846159671835,203.276115785089
ridge_model,579.6814223640141,530.8045834162184,-48.876838947795704,-0.08431672477698143,0.5835264676656395,309.73852358159724
ridge_model,339.9553606047221,454.2890020980992,114.33364149337712,0.33631957234031323,0.2066433858270605,93.8758175375478
ridge_model,104.06154127359152,116.60595025209187,12.544408978500357,0.12054798367361724,0.3817346655329123,44.5125334186297
ridge_model,235.81186355604996,214.2842149560991,-21.52764859995085,-0.0912916266184121,0.590290521730152,126.48994104497177
ridge_model,501.4125174833056,446.63512527882307,-54.77739220448251,-0.10924616018647024,0.6075402969181363,271.34883662596513
ridge_model,398.99336457061025,480.91839906367574,81.92503449306548,0.2053293156422082,0.3054841131756248,146.9129306478082
ridge_model,669.2986264658781,588.8264864597734,-80.47214000610472,-0.12023353526216644,0.6179684342988474,363.8761819112376
ridge_model,414.9901047325251,550.9244936278492,135.9343888953241,0.3275605546858481,0.2124463149847275,117.04187850606354
ridge_model,490.41072171830416,576.6378822744521,86.22716055614791,0.1758264180155455,0.33107972569965727,190.91311189145685
ridge_model,296.24287599192223,335.114746037296,38.87187004537378,0.13121621883806486,0.3717153685803808,124.5673013399742
ridge_model,327.0888648717375,397.58070154356074,70.49183667182325,0.21551279863796483,0.29691097055202664,118.04607196805425
ridge_model,445.1368684239125,530.7211950498685,85.58432662595595,0.1922651945883133,0.3166823137782038,168.07001601952572
ridge_model,244.5361718306458,239.96381771859825,-4.572354112047549,-0.018698068583547407,0.5186893572205263,124.46667836864327
ridge_model,47.31430863361691,56.805048300020076,9.490739666403165,0.2005892073768986,0.30952159604605506,17.58238921329546
ridge_model,129.8082629093964,105.86634668653022,-23.941916222866183,-0.18444061792566446,0.6765063767601159,71.61925861773487
ridge_model,382.9481103198511,334.67343130799486,-48.27467901185622,-0.12606062730414205,0.6234558174128558,208.6540976824912
ridge_model,82.77279318243978,101.570714972872,18.797921790432213,0.2271026634198468,0.28732517673348335,29.18382363052671
ridge_model,64.07117255500656,60.12133510436098,-3.9498374506455747,-0.061647653587961884,0.5613371577625932,33.74833936837441
ridge_model,390.6687658288554,490.5387035201,99.86993769124462,0.25563839862999377,0.26453028982579585,129.7623454129422
ridge_model,212.16652497375455,193.45960138659697,-18.706923587157576,-0.0881709477471607,0.5872682395954721,113.61267953914856
ridge_model,235.65813370551408,263.0608826875281,27.402748982014003,0.11628178731253704,0.3857702285724611,101.48105684284108
ridge_model,406.5574980533908,564.6357619366852,158.07826388329437,0.38882142043912044,0.17432416211693172,98.42965610086797
ridge_model,182.4744270596517,156.5392901569172,-25.935136902734513,-0.14213025529465673,0.6384218385147251,99.93810142176909
ridge_model,652.617297300081,576.3850983565522,-76.23219894352872,-0.11680995777909373,0.6147302537219561,354.321357754278
ridge_model,403.22709836941993,495.56472009571746,92.33762172629753,0.22899656818625228,0.28577642428395544,141.62071371023336
ridge_model,537.7848594528473,508.9049731538754,-28.879886298971883,-0.053701560747461054,0.5534960188935296,281.67687663578863
ridge_model,286.13145256368455,321.9877421693714,35.85628960568687,0.12531404459181678,0.37724550766232634,121.46842925573077
ridge_model,485.0546633356366,586.2860666017625,101.23140326612594,0.20870102056121917,0.3026302315020266,177.427888062104
ridge_model,171.0859835160851,197.50737030104727,26.42138678496218,0.15443338046730232,0.3502971018332416,69.18625940716171
ridge_model,485.8784537318511,405.04371331114294,-80.83474042070816,-0.16636823427720798,0.6604887341366803,267.5268094748972
ridge_model,294.7328864777875,274.5258308289009,-20.20705564888658,-0.06856057323758977,0.5681340837900365,155.96748137467617
ridge_model,392.83872040801793,380.1221293508929,-12.716591057125015,-0.03237102249981126,0.5323258701382253,202.34884326550912
ridge_model,456.1809467866996,365.55724113439436,-90.62370565230526,-0.19865736675468595,0.6888245015284394,251.80478440451074
ridge_model,502.5293207873478,393.42396087160637,-109.10535991574142,-0.2171124258875053,0.7044230111928361,277.1368911925895
ridge_model,244.21766165291973,302.5674349286887,58.349773275768996,0.23892528034559288,0.2777397270265857,84.03499678422824
ridge_model,634.7265312250814,639.1012094627584,4.374678237677017,0.006892225269414026,0.49310821123045817,315.1460541934032
ridge_model,345.40676830595487,363.01726699838025,17.61049869242538,0.05098481068797798,0.4491911674512461,163.06414996796315
ridge_model,151.15212964816465,147.06682258964995,-4.085307058514701,-0.027027783650974888,0.5270014892829271,77.50443452885355
ridge_model,530.7599938912294,455.50299840982166,-75.25699548140778,-0.14179100977386488,0.6381085347905059,290.66035090797345
ridge_model,482.85016419959805,620.9455974343965,138.09543323479846,0.28600059288312324,0.24158627882614903,150.01193623765582
ridge_model,355.9595074862448,457.12115268326676,101.16164519702198,0.2841942498218878,0.24291259914854377,111.04048732407065
ridge_model,303.9609626071891,314.3024583324151,10.341495725225968,0.034022446950170884,0.46602996517902173,146.47436371233633
ridge_model,514.8771742414517,616.2670487056787,101.38987446422698,0.1969205075241502,0.31266659907309335,192.68612223961694
ridge_model,361.13235495172165,379.7253607373067,18.593005785585035,0.05148529488051731,0.44869590187535785,170.38121320097142
ridge_model,80.26246462184758,116.78887959293917,36.52641497109158,0.4550871337328586,0.1393920567899027,16.279442136648086
ridge_model,420.6239113101238,410.46743843545227,-10.156472874671522,-0.024146209004231353,0.5241274555765049,215.13725410417925
ridge_model,520.8926706123274,408.16474297321804,-112.72792763910934,-0.21641296566256876,0.7038401362997491,287.28272832702186
ridge_model,183.07579104191225,181.42730376153017,-1.648487280382085,-0.009004397965456231,0.5090034246660817,92.34711894255234
ridge_model,190.13746358777752,228.84514878365147,38.70768519587395,0.20357737220999814,0.3069729308152988,70.2492660249806
ridge_model,522.3021028701461,452.80437431010677,-69.49772856003932,-0.1330604035062017,0.6300057809260466,285.26937344396873
ridge_model,410.6863449474928,409.9211996566763,-0.7651452908164629,-0.0018630891925912182,0.5018630805700106,205.72431605065395
ridge_model,584.9958711291002,584.3165958469701,-0.6792752821301065,-0.0011611625237953178,0.5011611604363417,292.8367832368805
ridge_model,301.62262644973293,242.70136772339606,-58.92125872633687,-0.19534760843333623,0.6859797068462363,166.48821308207584
ridge_model,413.5870840445325,498.79926038897156,85.21217634443906,0.20603200542709388,0.3048880987385299,152.07795815217844
ridge_model,273.11810461931896,300.962661282995,27.84455666367603,0.1019506074212352,0.39943917415992664,120.21627687585324
ridge_model,247.1745626508575,331.3762338571705,84.20167120631302,0.34065670149582,0.2038137091532461,67.53901934766341
ridge_model,213.44325079724317,246.4153446820419,32.97209388479874,0.1544770975968691,0.3502573047165674,86.30877446913594
ridge_model,295.79438015283176,389.3244995926883,93.53011943985655,0.3161997851058941,0.22014885330296713,85.70934214808183
ridge_model,145.0698091748401,145.0078081768678,-0.06200099797229086,-0.0004273873270045211,0.5004273872229158,72.56587857287171
ridge_model,297.0186264188845,320.69189941926345,23.67327300037897,0.07970299131002183,0.4209653082802846,135.00016430202027
ridge_model,666.6870291344428,595.6297606478645,-71.05726848657832,-0.10658264730128574,0.6049971074609481,360.3542823096149
ridge_model,449.5456339145253,351.9601884230843,-97.58544549144102,-0.21707572742213643,0.7043924461448733,247.91809806894685
ridge_model,624.9860100296204,520.6044366622648,-104.3815733673556,-0.16701425582695614,0.661067957788484,344.1549117599476
ridge_model,96.03520851587072,111.89720049761507,15.861991981744353,0.1651685067057777,0.34058821702974446,38.11086800810255
ridge_model,637.7593915947267,596.6615025166359,-41.097889078090816,-0.06444105664257635,0.5640866099654113,336.56876425147783
ridge_model,295.5887110300315,258.6390380384011,-36.94967299163039,-0.1250036676396493,0.6224627788313911,160.99317433166104
ridge_model,353.33854512223814,339.72908366856507,-13.609461453673077,-0.038516775601045335,0.5384407676742545,182.9239886117732
ridge_model,62.25429041832141,71.53309323583147,9.278802817510062,0.14904680071302065,0.35521648532808864,25.409733963878526
ridge_model,266.0685899337195,272.3949521362103,6.32636220249077,0.02377718543953923,0.47624072174892945,129.72556860611388
ridge_model,340.1282671016029,384.6588408757887,44.530573774185825,0.1309228843390534,0.3719894347399123,143.08902478509452
ridge_model,443.258155352454,469.5985808044852,26.340425452031184,0.059424570386272434,0.44085365078475003,207.02424875099473
ridge_model,265.05527443495566,321.9890900650788,56.93381563012315,0.21479978374885975,0.2975066964595872,95.7939104812901
ridge_model,221.43438547917532,215.68583374393984,-5.7485517352354805,-0.025960519739496826,0.5259372167930906,113.43720710098498
ridge_model,393.2308288248255,390.2457496457098,-2.9850791791157008,-0.007591162646216325,0.5075905794380644,198.08506618590766
ridge_model,151.58040412487964,191.14098565580534,39.5605815309257,0.26098743936804447,0.2603886048310111,49.77093458093946
ridge_model,313.9950046053331,304.0572188010161,-9.937785804317002,-0.03164950288558894,0.5316072998257327,161.6390370793302
ridge_model,366.1515260551269,335.4625622214445,-30.688963833682408,-0.08381492811001408,0.583038592849305,195.58762023121344
ridge_model,425.97356882411634,382.9629918549032,-43.01057696921316,-0.10097006039116982,0.5996195718164036,229.6321051975659
ridge_model,359.0531279855558,496.7892039643532,137.73607597879737,0.38360917993266525,0.17734546788455371,88.1033138170532
ridge_model,260.34417984860374,231.0338794112756,-29.310300437328152,-0.11258289105741784,0.6107180634231089,141.0965634191823
ridge_model,320.30170917475425,285.38341410270203,-34.91829507205222,-0.10901688649123334,0.6073216077937014,173.31951389050866
ridge_model,454.49212153190336,545.5558973286037,91.06377579670033,0.20036381596618733,0.30971430991340676,168.9664682603179
ridge_model,45.11502370436019,87.4528506780087,42.33782697364851,0.9384418647563899,0.05,4.372642533900435
ridge_model,223.6621142931812,215.29934927361225,-8.36276501956894,-0.03739017243039581,0.5373206314508299,115.6847823026501
ridge_model,173.1577542620492,136.51879807687493,-36.638956185174266,-0.2115929277399065,0.6998054726018257,95.53660200722067
ridge_model,592.240499627505,597.1808964530712,4.940396825566268,0.00834187602616433,0.49165889786801303,293.609301377949
ridge_model,379.3078104185831,436.1385571615148,56.83074674293175,0.14982751523153845,0.3545015568191989,154.6117975026362
ridge_model,360.71117031918743,323.16987170730494,-37.541298611882496,-0.10407578611625144,0.6025982872589556,194.74161118451838
ridge_model,203.49261837786295,238.86597527041198,35.373356892549026,0.17383115502924373,0.3328496336051474,79.50645234949283
ridge_model,553.5451307734787,487.7424823563484,-65.80264841713034,-0.1188749476039706,0.6166846542123572,300.78330407660144
ridge_model,283.46644254307614,310.2652338339878,26.79879129091165,0.0945395548428603,0.40657118884805915,126.14490497810549
ridge_model,435.14534513079855,416.25570083995507,-18.889644290843478,-0.0434099652040757,0.5433012226237575,226.1522311904566
ridge_model,685.7681264991488,547.6196169704648,-138.14850952868403,-0.20145075892333048,0.6912144362898709,378.5225848455148
ridge_model,630.8608868741742,547.3665890893565,-83.49429778481772,-0.13234977714107474,0.629342952679024,344.4813053753416
ridge_model,546.1568747653598,527.9423864584501,-18.214488306909743,-0.03335028660901698,0.5333009163635131,281.5521584854314
ridge_model,115.35700254441711,167.7648962016985,52.40789365728138,0.454310466649844,0.13976515634012052,23.447686946014482
ridge_model,404.0498951423794,539.2330148693483,135.18311972696887,0.33457036210672186,0.20779281579800535,112.04874653094956
ridge_model,156.03832988580584,166.33804547649953,10.299715590693694,0.06600759953167518,0.43437320644140776,72.2527901668238
ridge_model,501.26295506529306,508.7808290922701,7.51787402697704,0.014997864795330395,0.485006631665001,246.7620761737685
ridge_model,562.4369764527329,557.1963381304628,-5.240638322270115,-0.009317734327004258,0.5093166558537423,283.78937559055834
ridge_model,216.8024750869831,239.07116924822714,22.268694161244042,0.10271420634063169,0.39870668830916123,95.31927416115963
ridge_model,120.09069016935676,106.08631891412591,-14.00437125523085,-0.11661496187157654,0.6145455082401483,65.19487077440796
ridge_model,221.1576532597614,227.21189138590958,6.054238126148192,0.027375214182785563,0.4726521064588808,107.39217907605659
ridge_model,492.7012709061221,418.22283347479885,-74.47843743132324,-0.15116347740356073,0.646720324214352,270.4732064586669
ridge_model,754.2344800100251,630.8080308785916,-123.42644913143351,-0.16364466542260567,0.6580415106020827,415.09786953927363
ridge_model,211.52772882563164,184.15753123857496,-27.37019758705668,-0.12939295353385427,0.6265798001722155,115.38938912367483
ridge_model,460.75927538572495,558.9642159260626,98.20494054033765,0.21313719720156543,0.2988984643799196,167.07354578362592
ridge_model,164.10747354764283,174.66780862753126,10.560335079888432,0.06435011673507124,0.43600283803149015,76.15566027434483
ridge_model,213.6962129956236,201.0368882422772,-12.659324753346397,-0.059239817944764676,0.5589641740901444,112.37241819799715
ridge_model,732.9893961300692,644.0574302516743,-88.93196587839486,-0.12132776592393413,0.6190012183760334,398.67233402992355
ridge_model,350.6012026111729,478.6264686142804,128.0252660031075,0.3651592323403731,0.1883699278580422,90.1588333638215
ridge_model,192.8798062051633,236.03150804706638,43.151701841903076,0.22372327456614752,0.29010109677688356,68.47299935835578
ridge_model,294.11580585015537,320.3592957533648,26.243489903209422,0.08922842425061583,0.41170687763905994,131.89412537726596
ridge_model,82.52418774801069,100.51017914335836,17.985991395347668,0.21794811783265608,0.29488146293499073,29.638588665651508
ridge_model,386.16906941399594,482.5754223528465,96.40635293885055,0.24964804427538775,0.26921830617372483,129.9181378069032
ridge_model,310.9003272621974,325.6417349320584,14.741407669861019,0.04741522081907901,0.45272640183437113,147.42661094289284
ridge_model,373.96284065200393,462.6673444638034,88.70450381179944,0.23720138518881503,0.27912510081236575,129.14206916604866
ridge_model,221.55110013131713,248.06115768751104,26.510057556193914,0.11965662793134833,0.3825765068957813,94.90237120461157
ridge_model,531.1127009643968,448.86596782198006,-82.24673314241676,-0.15485740219179991,0.6500888108802241,291.8027432659919
ridge_model,324.9426389036563,416.12465007332753,91.18201116967123,0.28060956074375387,0.24555929464968343,102.18327555835265
ridge_model,493.4068923175674,610.8112331699958,117.40434085242845,0.23794629276654786,0.2785259514067461,170.1267798486009
ridge_model,778.6333560141928,655.8513204366874,-122.78203557750544,-0.1576891545027354,0.6526610032296237,428.04858076568183
ridge_model,720.1572085631501,648.3868797775841,-71.770328785566,-0.09965925208019702,0.5983601427113526,387.9688659158839
ridge_model,38.23523523879646,53.37067843974927,15.135443200952807,0.39585066252175694,0.17031412346204403,9.089780317040509
ridge_model,573.5891064527985,549.5497407066539,-24.039365746144654,-0.041910429392234085,0.5418125511209565,297.7529469801323
ridge_model,682.016246966075,584.5353570993893,-97.48088986668563,-0.14293045114442054,0.6391603775704761,373.6118395469387
ridge_model,516.4367273015673,510.8803954711808,-5.556331830386512,-0.010758978857717753,0.5107573186154309,260.9359009240513
ridge_model,492.51960241928145,427.92518592256533,-64.59441649671612,-0.1311509555750168,0.6282236622512701,268.83272746982965
ridge_model,49.234784001519046,32.307933615743536,-16.92685038577551,-0.3437986116736749,0.7982180983004116,25.788777330774746
ridge_model,506.6928860981053,545.3622060578979,38.669319959792574,0.07631707691334247,0.4242701094615814,231.38088286039383
ridge_model,304.3133394836575,328.34277896619733,24.02943948253983,0.07896282010940331,0.42168715399741874,138.45793199785928
ridge_model,111.179341237614,133.12660882512,21.947267587506005,0.19740418807303425,0.31225096605488295,41.56891221325423
ridge_model,163.21458328772866,141.36543433034797,-21.84914895738069,-0.13386762700526056,0.6307581147987993,89.16739485592375
ridge_model,402.85698948061395,511.02287637779114,108.16588689717719,0.26849698459155635,0.2546454286163868,130.12963938800146
ridge_model,289.2351908680133,303.74666552658596,14.511474658572638,0.050171884738585144,0.44999583123919407,136.6847332397695
ridge_model,150.53929481479082,143.60387394725683,-6.935420867533992,-0.04607050189830284,0.5459405641707088,78.39917995986474
ridge_model,194.93555934032696,179.64688263120368,-15.28867670912328,-0.07842938846489082,0.5777924135278659,103.79860589824042
ridge_model,674.6485035775572,583.030269211773,-91.61823436578425,-0.13580143419861876,0.6325578381974036,368.8003666962494
ridge_model,551.5572340398235,526.7559006923419,-24.801333347481545,-0.04496601951138736,0.5448451854418508,287.00041639530815
ridge_model,132.2147645898824,189.80643008299407,57.59166549311166,0.43559178637692636,0.14901251259353734,28.283533053076518
ridge_model,70.11182411078714,69.7843557023607,-0.32746840842644076,-0.004670658802272664,0.5046705229527846,35.21810728623351
ridge_model,346.2847096470098,372.74433682334353,26.459627176333754,0.07641003613271215,0.42417928529135207,158.11042639012487
ridge_model,102.04473025177862,94.81167632291442,-7.233053928864194,-0.07088120975005589,0.5704101724984274,54.08154464621868
ridge_model,494.1401793052489,435.28231500549987,-58.85786429974905,-0.11911167471243082,0.6169084641249329,268.52934441078816
ridge_model,183.658314681842,200.90994882952225,17.25163414768025,0.09393331403245143,0.40715639459143216,81.80177040297741
ridge_model,436.5576476487414,439.71465558149737,3.1570079327559597,0.007231594612439637,0.4927689095896216,216.67771136147047
ridge_model,31.362081322241885,52.167274962296744,20.80519364005486,0.6633868915230408,0.06577069353665237,3.4310778541874973
ridge_model,323.4791093139413,402.64918879336335,79.17007947942204,0.24474557150640075,0.2730937670238796,109.96098375668889
ridge_model,505.3840569466695,527.8926068128512,22.50854986618174,0.04453751470153113,0.45557990489064065,240.49726360427113
ridge_model,320.8576215627125,338.46072671904506,17.60310515633256,0.05486266796655159,0.4453564526014885,150.73566859651572
ridge_model,214.5660524456202,168.15242293847524,-46.41362950714495,-0.21631394611646715,0.7037575674542832,118.33854012872514
ridge_model,758.5015334295354,626.9113657296107,-131.59016769992468,-0.17348701604457517,0.666844617041644,418.05246959901626
ridge_model,665.7295341217325,677.9251070048242,12.1955728830917,0.018319110476570307,0.481689082066896,326.549122503256
ridge_model,171.06636292972274,176.31900190538465,5.25263897566191,0.03070527066633077,0.4693332703265009,82.75237378495872
ridge_model,647.3526381087524,608.4029887746644,-38.94964933408801,-0.06016759188296478,0.5598788441883489,340.63196215589613
ridge_model,608.1282399929386,592.398857203966,-15.729382788972543,-0.02586523985328356,0.5258421923627574,311.50831382532556
ridge_model,246.92292493661097,236.95611742307193,-9.966807513539038,-0.040364042812540295,0.5402765863118979,128.02184222705853
ridge_model,430.06653050329265,559.8689510025777,129.802420499285,0.3018193960534002,0.23018310548939266,128.87237380886194
ridge_model,396.6387527092545,500.43880947332707,103.80005676407256,0.2616992314922905,0.25984065314938054,130.03434711484772
ridge_model,436.0114486061054,386.2476497568083,-49.763798849297075,-0.11413415635848109,0.612192246534102,236.45781642313747
ridge_model,202.9454568505992,162.81128661633608,-40.13417023426311,-0.19775840689948718,0.6880532273709573,112.02283120878799
ridge_model,731.7816872483901,624.6232279927895,-107.15845925560063,-0.1464350107728613,0.6423871179372718,401.2499152269634
ridge_model,216.05054809363543,304.344025072084,88.29347697844855,0.4086704604895634,0.1631900048375986,49.665902923807614
ridge_model,83.86835620425342,86.36848256305217,2.5001263587987523,0.029810127108130413,0.47022514351855527,40.612632108691045
ridge_model,572.2420492964254,510.58058695284785,-61.66146234357757,-0.10775416175618457,0.6061164082054057,309.47127146326795
ridge_model,118.8070474355678,126.26627105142433,7.45922361585653,0.06278435309068567,0.43754356299295566,55.24699412167449
ridge_model,245.8935711917164,230.79042701150587,-15.103144180210535,-0.06142146826781019,0.5611143639539602,129.49982365922398
ridge_model,387.1117403297744,311.815050829487,-75.29668950028741,-0.19450892767071168,0.6852566102893507,213.67332476861586
ridge_model,507.9505746530285,540.3037684024517,32.35319374942321,0.06369358627367057,0.4366487210304843,235.92294944088155
ridge_model,249.302974601016,247.87062963219188,-1.4323449688241112,-0.005745398630387116,0.5057451457726194,125.35936771608384
ridge_model,45.91711193197189,41.84953112684332,-4.067580805128571,-0.08858529280227515,0.5876699042770149,24.593709951349968
ridge_model,424.6120578300381,340.05743095105265,-84.55462687898546,-0.1991338336247404,0.6892328681954236,234.37875848556124
ridge_model,85.97357530080251,113.7304875373751,27.75691223657259,0.3228539948403599,0.21561323805627722,24.521798683652527
ridge_model,328.9669925908357,309.17247789175036,-19.794514699085312,-0.06017173499137477,0.5598829278726436,173.10039213967337
ridge_model,172.62943414987132,189.35646342003793,16.72702927016661,0.09689558071333734,0.4042994424844372,76.55671259154606
ridge_model,261.9435328532634,291.41495787970285,29.471425026439476,0.1125106037374433,0.3893506815637608,113.46261246833696
ridge_model,199.0416803252397,178.8964414353651,-20.145238889874605,-0.10121115766786494,0.5998510761795818,107.31122291970128
ridge_model,232.28345491474457,231.75183569972242,-0.5316192150221468,-0.0022886658682482056,0.5022886498843658,116.40631666183695
ridge_model,185.311838106628,185.26593888827642,-0.04589921835156474,-0.000247686379998856,0.5002476863597386,92.67885729012501
ridge_model,153.76143970087224,117.22676083081436,-36.53467887005789,-0.2376062486221026,0.7212006398152438,84.54401491465188
ridge_model,126.4771352873347,135.58016988204037,9.103034594705662,0.07197375694844055,0.42851927703625925,58.09871637830515
ridge_model,609.5038276051239,614.9992246509639,5.495397045840036,0.009016181354320077,0.49098479577077947,301.9552687144412
ridge_model,287.1624375675698,350.79101370187567,63.62857613430589,0.2215769467388435,0.29187235784241905,102.38620027909877
ridge_model,406.32480651562713,533.1827063668321,126.85789985120499,0.31220810990855924,0.22290231454804488,118.84765932615747
ridge_model,249.03711265544783,248.79956852849875,-0.237544126949075,-0.0009538503093622283,0.5009538491522413,124.63710152176829
ridge_model,620.9016915662245,650.2752934861442,29.37360191991968,0.047307975350855895,0.45283269077073,294.4659108910568
ridge_model,267.0607016773296,229.576318734564,-37.48438294276556,-0.14035903713027487,0.636784772174491,146.19070382204768
ridge_model,715.7547930992089,640.5066577849473,-75.24813531426162,-0.10513116508579451,0.6036087896578739,386.61544847338206
ridge_model,430.385487919734,589.6230417588279,159.2375538390939,0.369988204316014,0.18543454607224302,109.33648110228344
ridge_model,604.273047008686,488.24376619773113,-116.0292808109549,-0.19201465527104183,0.6831007849449771,333.519699934162
ridge_model,243.5250631593867,194.35493612593478,-49.170127033451905,-0.20190992415951106,0.6916063100295264,134.41710021008205
ridge_model,176.2144067384048,164.6155670620651,-11.59883967633968,-0.06582231209709477,0.5654446893149729,93.0809981738175
ridge_model,471.4796320940979,466.80370890201317,-4.675923192084724,-0.009917550777997348,0.5099162503578352,238.03079689644497
ridge_model,453.3769493913552,452.3601441119548,-1.016805279400387,-0.0022427370442308927,0.5022427220034525,227.19459010466224
ridge_model,251.1073064574406,340.0477780011214,88.94047154368081,0.35419308501385666,0.1951680775675197,66.36647111358558
ridge_model,521.8019208244536,519.1614457117673,-2.6404751126863175,-0.0050603016342184665,0.5050601288714485,262.2077466762727
ridge_model,346.4926515319707,293.2512743590749,-53.241377172895795,-0.15365802690907354,0.6489967229672419,190.31911606500717
ridge_model,234.0714535105622,274.1370157942489,40.06556228368669,0.17116808428704347,0.33521928443812765,91.89601427255181
ridge_model,184.02445130071476,219.5677122682801,35.543260967565345,0.19314423010822634,0.3159219304326794,69.36625552048216
ridge_model,554.8869659163038,629.5699443400936,74.68297842378979,0.1345913366345941,0.3685679261878265,232.03928877561367
ridge_model,192.61977241404605,219.34710431840202,26.727331904355964,0.13875694882924167,0.36469871065700415,79.9956061312686
ridge_model,227.796524806166,307.4097986253837,79.61327381921771,0.3494929252628473,0.19813816913712265,60.90961467444509
ridge_model,416.601648993299,465.7574128431697,49.15576384987065,0.11799224503468375,0.38415031841973357,178.92085845005494
ridge_model,671.7128294096442,548.1513120046843,-123.56151740495989,-0.18394991430125845,0.6760766749100743,370.59231636772165
ridge_model,552.6397714448676,507.44803296676986,-45.19173847809776,-0.08177431450498886,0.5810529278404464,294.85416528221697
ridge_model,321.37240510655704,408.0310853874821,86.65868028092507,0.2696519019801708,0.2537696043616297,103.54588710602768
ridge_model,215.4338699200544,197.37061993413278,-18.06324998592163,-0.08384591518791702,0.5830687249428677,115.08063570617813
ridge_model,758.9961232252967,638.2814865582882,-120.71463666700856,-0.1590451294455113,0.6538895518446093,417.36559519631004
ridge_model,694.4247148756359,582.4277571579398,-111.99695771769609,-0.16128020117739264,0.6559101063825021,382.0202521575864
ridge_model,617.3632185255483,621.4791622265856,4.115943701037281,0.006666972662976927,0.4933334224250556,306.5964420670978
ridge_model,328.63536897966003,292.6063021384226,-36.02906684123741,-0.10963234709976492,0.6079085577057356,177.8778751085772
ridge_model,376.3000600585162,402.9950522304553,26.694992171939134,0.07094070664721115,0.42953151142733886,173.09907388228683
ridge_model,70.20380336705749,68.65383713707217,-1.5499662299853156,-0.022078094855935163,0.5220637569757491,35.841680146581105
ridge_model,451.6848649701074,605.4929513158719,153.80808634576448,0.3405207884393991,0.20390194380673068,123.46118973458043
ridge_model,301.40392677127403,397.233792259495,95.82986548822095,0.31794498006306077,0.21895271135178895,86.9754158557697
ridge_model,153.39607111804412,189.59629070310365,36.20021958505953,0.2359918303070623,0.2800996592179413,53.10585641492506
ridge_model,339.66230419418656,417.8734196603751,78.21111546618852,0.23026139344999216,0.28474489934006125,118.98732481808068
ridge_model,733.4425366578176,615.5259294017288,-117.91660725608881,-0.16077143247433706,0.6554506605807602,403.4468770309495
ridge_model,203.8363809804033,268.7940264830954,64.95764550269212,0.3186754258011336,0.2184534604934846,58.71898524520954
ridge_model,284.5088586099128,256.4857185132154,-28.023140096697432,-0.09849654676348646,0.5972419232573783,153.1840238128833
ridge_model,492.11345835908634,575.2687454850985,83.15528712601218,0.16897584431705434,0.3371762387815306,193.9669518912351
ridge_model,86.19117981050438,71.54877038673015,-14.642409423774225,-0.16988292138437244,0.6636341664548914,47.48220859647008
ridge_model,727.8809447636283,657.2140999105109,-70.66684485311748,-0.09708571897848733,0.5958837168418102,391.62318061552
ridge_model,158.65264164620277,151.7173152454646,-6.935326400738177,-0.043713904343326566,0.5436028663076647,82.4739674359381
ridge_model,44.52503661261306,59.852453457845684,15.327416845232626,0.34424265562289674,0.2014959717581139,12.0600282715959
ridge_model,452.4258268814717,493.6851021115236,41.259275230051855,0.09119566739690375,0.4098023115240173,202.31329601027286
ridge_model,152.64047921471024,180.53156562668866,27.89108641197842,0.18272404905612027,0.3249980941427271,58.67241476127648
ridge_model,420.2245689053783,395.41505632997826,-24.80951257540005,-0.05903870075951316,0.5587658444637186,220.94442786388916
ridge_model,151.35930066309265,118.67279739344613,-32.68650326964652,-0.21595305426524594,0.7034565199050176,83.48115306178686
ridge_model,242.27196569085137,285.2013116682827,42.929345977431325,0.17719485560376752,0.3298685992919857,94.07895719625347
ridge_model,119.0485543701777,120.44889409146245,1.4003397212847517,0.011762761242194003,0.4882394083117306,58.80789678301793
ridge_model,472.56954081275165,615.7231906752708,143.1536498625191,0.3029261039895111,0.22939961313358967,141.24666173828658
ridge_model,334.6493506052282,331.7129025101762,-2.9364480950520147,-0.00877470130971812,0.5087738006053598,168.76683411993756
ridge_model,406.08552566041345,453.67142982125534,47.58590416084189,0.11718197560342329,0.3849173762065448,174.62601642666922
ridge_model,551.365137615676,543.297866339119,-8.067271276556994,-0.014631449698548427,0.5146272747408364,279.59590032661197
ridge_model,534.0181945871103,468.60651044497655,-65.41168414213377,-0.12248961703019963,0.6200966484448981,290.58132656638907
ridge_model,501.2363000548165,585.330408962687,84.09410890787046,0.16777338133465933,0.3382520254402174,197.98919638337964
ridge_model,159.60691863182956,152.1719991938493,-7.4349194379802555,-0.046582688906679694,0.5464483792502564,83.15414232675028
ridge_model,359.8010509571677,369.73306640747734,9.93201545030962,0.02760418688018777,0.4724238244967613,174.67070927513547
ridge_model,348.6695624527248,300.8824380514019,-47.7871244013229,-0.1370556238553293,0.6337230981219988,190.67615081243477
ridge_model,490.50407597042386,465.62982510794154,-24.874250862482313,-0.05071160889595169,0.5505384368927658,256.3471160855781
ridge_model,485.683239513509,462.8620035480628,-22.82123596544625,-0.0469879009790526,0.5468500640912554,253.116116305665
ridge_model,424.9275101964327,340.69080983557967,-84.23670036085304,-0.19823781313173308,0.6884646701851479,234.5535860285633
ridge_model,40.442890652890384,57.14449290803657,16.701602255146184,0.4129675694670591,0.16085633636633562,9.192053772698811
ridge_model,258.424915281181,337.85897852055604,79.43406323937506,0.3073777276968295,0.22626703924557418,76.44635075238025
ridge_model,511.9293909938059,667.1897137036643,155.26032270985843,0.30328464323654547,0.22914618780803214,152.88397943992706
ridge_model,441.74670095471794,542.660948077967,100.91424712324903,0.2284436916113912,0.28622802475057624,155.3247712776315
ridge_model,175.5180543386476,148.43946847074648,-27.078585867901126,-0.1542780654100417,0.649561492999461,96.4205627599045
ridge_model,658.5834276725151,640.5692335391541,-18.014194133361002,-0.02735294174805546,0.5273256876831655,337.78861158471267
ridge_model,299.2909931126892,331.89940293874594,32.60840982605674,0.10895219226921075,0.39274010756852207,130.35020721209133
ridge_model,494.8027992189699,542.457402988671,47.65460376970111,0.09631029542460623,0.4048634123045015,219.62115520383145
ridge_model,223.51901195083735,275.74372707426045,52.224715123423096,0.23364775402152296,0.2819942258301932,77.75813884383815
ridge_model,434.57105082121734,419.1369284280311,-15.434122393186215,-0.03551576287472452,0.5354561518490013,224.4294467938838
ridge_model,630.4284012724294,608.7758128091222,-21.65258846330721,-0.0343458328013214,0.5342919137817617,325.2639940898334
ridge_model,445.1254111184949,357.61383112548685,-87.51157999300807,-0.19659982963702782,0.6870576720479177,245.70132630521417
ridge_model,361.98552095653855,306.00576087865153,-55.97976007788702,-0.15464640665726567,0.649896803126232,198.87216573324582
ridge_model,267.28219711727195,230.66954516406457,-36.612651953207376,-0.13698125931351618,0.6336540499415398,146.16469149138246
ridge_model,518.9547629602604,505.70920266540736,-13.245560294853021,-0.02552353546057986,0.5255013887720105,265.75088831545764
ridge_model,575.4934491747886,593.7363324211811,18.24288324639258,0.031699549790795034,0.4683428535763442,278.0721681980889
ridge_model,349.4432162449335,304.0747160376053,-45.368500207328225,-0.12983082257212372,0.626989515339525,190.6516588354218
ridge_model,279.2349662242834,289.792408467394,10.557442243110586,0.03780845352523214,0.46226344389959745,133.9604367540964
ridge_model,689.7483154802385,674.6603948860687,-15.08792059416976,-0.02187453054331096,0.5218605854123174,352.0786686297491
ridge_model,88.76294359232648,131.04206624044144,42.279122648114964,0.47631501319172087,0.12951429765637215,16.971821172570568
ridge_model,621.7963494961118,636.3445190450874,14.54816954897558,0.023397000578670255,0.4766200617804423,303.2945639809154
ridge_model,307.621949405299,297.7330865116538,-9.888862893645182,-0.03214615508666573,0.5321019361405407,158.4243517859501
ridge_model,172.41053126646165,135.51079176112037,-36.89973950534127,-0.21402253814943864,0.7018431284259953,95.10731802510831
ridge_model,444.2453020895959,437.8842402793341,-6.361061810261788,-0.014318804904275345,0.5143148918433684,225.2103856791813
ridge_model,556.8967118375435,619.310164615661,62.41345277811752,0.112073660072758,0.3897663070205172,241.3862357625148
ridge_model,355.3245754797394,400.51118883013623,45.18661335039684,0.12716996365756125,0.3755030493766518,150.39317271518416
ridge_model,474.99773906008016,508.30274994881836,33.305010888738195,0.07011614614133059,0.43033988064706585,218.74294474554986
ridge_model,581.9712306098094,665.0348797937633,83.06364918395388,0.14272810203507302,0.3610263181010199,240.0950940606967
ridge_model,663.4393972369916,573.7131053652638,-89.72629187172777,-0.135244141733832,0.6320395628375637,362.60938030924245
ridge_model,519.469492374694,509.8182763956408,-9.651215979053234,-0.018578985139115347,0.5185704390993022,264.37668745133686
ridge_model,397.6919501475396,443.8248956758695,46.13294552832991,0.11600170813418544,0.3860357233131629,171.33226462662336
ridge_model,388.1122298927073,493.1825921557727,105.07036226306536,0.27072159589537237,0.25296018409204074,124.7555593027141
ridge_model,591.1000759572743,502.02405764049075,-89.07601831678352,-0.1506953254447257,0.6462923661538619,324.4543160786355
ridge_model,586.7988633141081,622.7138319634781,35.91496864937005,0.06120490494226656,0.4390989752263479,273.43300547443545
ridge_model,648.9097429236178,507.26722297044785,-141.64251995317,-0.21827769038419648,0.7053925702431131,357.82253021121056
ridge_model,746.3391324597457,623.2547824966373,-123.08434996310837,-0.1649174545591002,0.6591862137984619,410.8409603057422
ridge_model,555.0976877626003,494.0389724423966,-61.05871532020376,-0.10999634238490442,0.6082555445951524,300.5019442341794
ridge_model,417.91314129159,362.48379701615875,-55.429344275431276,-0.13263364751853216,0.62960778798179,228.22262161858387
ridge_model,97.80093621671637,130.76678942013453,32.96585320341816,0.33707093693223317,0.20615109968616419,26.957717441389793
ridge_model,193.08911199878557,204.26327870871478,11.17416670992921,0.057870516852340646,0.44238651684235314,90.36332038674712
ridge_model,492.4640116460618,465.24371987498694,-27.22029177107487,-0.05527366696317767,0.5550496009903457,258.2333410798757
ridge_model,408.81562882076287,430.99813565139334,22.182506830630473,0.054260417818703194,0.445951587726459,192.2043029008826
ridge_model,364.1617948077249,411.3300849641289,47.168290156404,0.12952564170359648,0.3732960239594492,153.54788525201175
ridge_model,228.64349787316,227.61549939544085,-1.0279984777191373,-0.004496075712983623,0.5044959545344931,114.83109863434828
ridge_model,667.9464280068869,521.0521064466568,-146.89432156023008,-0.219919315982502,0.7067553377867947,368.25635749622785
ridge_model,410.34270896598935,375.3926807379176,-34.950028228071744,-0.08517277744776142,0.5843583919923308,219.36386328169993
ridge_model,710.4192641684332,597.4795474858238,-112.9397166826094,-0.15897614602949808,0.6538271004365215,390.6483201027811
ridge_model,177.20306582722415,264.57029539815346,87.36722957092931,0.4930345260285382,0.12215941874033245,32.319753501796484
ridge_model,74.32837977574499,69.78073753160402,-4.547642244140974,-0.06118312087336755,0.5608795637736463,39.138589626529374
ridge_model,392.30276005302534,492.11943173255236,99.81667167952702,0.2544378521987339,0.26546563019888586,130.6407950779996
ridge_model,168.61019430479575,176.93885882571962,8.328664520923866,0.049395972498959245,0.4507641016778545,79.75768575048022
ridge_model,587.2581373063812,644.5131396171681,57.25500231078695,0.09749546012832203,0.40372167223758715,260.2039225053406
ridge_model,563.9803272683639,625.7039143251902,61.72358705682632,0.10944280158810543,0.39227217411724746,245.44623482601432
ridge_model,352.3474982568331,457.8032272125598,105.45572895572673,0.2992946720991274,0.23197749233760734,106.20004463283351
ridge_model,415.3075369486595,397.3238631775655,-17.983673771094004,-0.043302064545284555,0.5431941292183315,215.82398987640119
ridge_model,204.215843297379,251.43060645907545,47.21476316169645,0.23120029474374493,0.2839806318468007,71.40142248787254
ridge_model,319.6520700676685,285.0210079797729,-34.6310620878956,-0.10833986490550306,0.6066755903889098,172.9152882893709
ridge_model,362.05333073474793,268.9343622289984,-93.11896850574954,-0.25719682875662186,0.7366807240196921,198.11876068063268
ridge_model,387.4755378090192,406.0737455693953,18.598207760376113,0.04799840492006204,0.45214849490838527,183.60563288101267
ridge_model,348.8532987245396,289.7024403309314,-59.150858393608246,-0.1695579735375091,0.6633439603215837,192.17236408394731
ridge_model,732.2985126943609,591.5895743625337,-140.7089383318272,-0.19214696724442867,0.683215342303825,404.18307355147255
ridge_model,343.6721333865543,466.0876785450651,122.41554515851078,0.3561986360436756,0.19391105051287674,90.37955137778158
ridge_model,599.7162532373392,618.834366093045,19.118112855705817,0.031878597174086885,0.4681645279909525,289.7162989065307
ridge_model,484.75453888236336,620.1364600170265,135.38192113466312,0.2792793264954175,0.24654638510740004,152.8924024904976
ridge_model,581.1514565564086,514.4344338790759,-66.7170226773327,-0.1148014376022766,0.6128257411551267,315.2586632176627
ridge_model,603.3651642705413,483.3744392010241,-119.99072506951723,-0.19886916278069197,0.6890060624108364,333.04791902394385
ridge_model,369.8546414878244,405.2601914296468,35.405549941822414,0.09572828341262811,0.4054244772353831,164.30240125467583
ridge_model,708.8801421484817,620.4090347504467,-88.47110739803497,-0.12480404251400776,0.6222751105818808,386.06510070533216
ridge_model,205.83755050869485,231.0491904404883,25.211639931793457,0.12248319060097096,0.37990940724420125,87.77776098449849
ridge_model,684.5607033083106,573.1488438066085,-111.41185950170211,-0.1627494230435321,0.6572352550928701,376.6936265654199
ridge_model,453.2541298779704,587.1933695562702,133.93923967829983,0.29550583403257746,0.234688590060827,137.8075839942272
ridge_model,412.5848379812361,507.4255676198836,94.84072963864753,0.22986964354458606,0.28506415031616494,144.64883828225982
ridge_model,440.4442377359072,379.5149525357658,-60.92928520014141,-0.138335979858306,0.6349110573284587,240.95823978644287
ridge_model,241.64071137767897,277.41544969012466,35.77473831244569,0.14804930058549026,0.3561308730192484,98.79620628717147
ridge_model,201.29253189374313,220.51724915409562,19.22471726035249,0.09550636121215217,0.4056384774292192,89.45028119374713
ridge_model,220.05114029296504,199.22095064626183,-20.830189646703218,-0.09466067578187029,0.5935456977668507,118.24673816111081
ridge_model,702.9134159653358,612.8180438703208,-90.09537209501502,-0.12817421043427357,0.6254384640263181,383.2799760858663
ridge_model,431.42166025583447,377.21691447621765,-54.204745779616815,-0.1256421519204048,0.6230627733977149,235.02981690608078
ridge_model,466.8626810645626,383.5945446262473,-83.26813643831531,-0.178356805578127,0.6711580079147922,257.452550418334
ridge_model,445.1263611668488,596.790486736695,151.6641255698462,0.34072150921881084,0.20377164603201742,121.6089798185852
ridge_model,441.6378571357946,487.01562768582863,45.37777055003403,0.10274882421612985,0.3986734916633376,194.16022078412132
ridge_model,669.5210116683382,595.4955155902047,-74.02549607813353,-0.11056485873934553,0.6087972769817896,362.5360483461835
ridge_model,354.3852115042604,444.0548521251029,89.66964062084253,0.2530287317583638,0.26656616016501317,118.36999683363142
ridge_model,489.7125242986789,628.9616061903923,139.24908189171344,0.28434862288060353,0.24279905660783624,152.71128462557667
ridge_model,222.56858200356248,179.67592062941281,-42.89266137414967,-0.1927166044193206,0.683708287470529,122.84591599322654
ridge_model,412.2556067980849,424.3891245725399,12.133517774455015,0.02943202608860523,0.47060192062328793,199.71833711547308
ridge_model,472.21573527678265,571.5089360717476,99.29320079496495,0.2102708431280157,0.30130666229592173,172.19945000007158
ridge_model,179.93988033973832,148.39121174898915,-31.548668590749173,-0.17532894059495435,0.6684794290416396,99.1964725047613
ridge_model,308.9111533232364,409.21773459976924,100.30658127653282,0.324710131691408,0.2143602190757415,87.72000323848518
ridge_model,306.3142432341152,359.6806034451613,53.36636021104607,0.1742209557335481,0.33250348613387465,119.59505454025185
ridge_model,224.46487829301583,276.40125111280827,51.93637281979244,0.23137861573156598,0.28383561815367,78.4525199680517
ridge_model,101.07378646994935,111.29177780183585,10.217991331886495,0.10109437559187956,0.4002610537443771,44.54576425604789
ridge_model,633.4966221375331,501.1037060109327,-132.39291612660043,-0.20898756441649616,0.6976116085540847,349.57576240269987
ridge_model,62.87509273644356,60.70686659042104,-2.168226146022519,-0.034484659213325906,0.5344300845555575,32.44357584502167
ridge_model,92.03104706108972,105.29463396872859,13.263586907638867,0.14412078674748283,0.35974222232972397,37.878925623305264
ridge_model,106.7358926414302,123.30202483678465,16.566132195354456,0.15520676115022444,0.3495933764204741,43.1055711821727
ridge_model,560.6703257140985,616.5399553018505,55.869629587752,0.09964791612003646,0.401650754608552,247.63373829331115
ridge_model,322.9000694955284,336.38486774906335,13.484798253534962,0.041761521682551705,0.4583353189319346,154.17706564364357
ridge_model,292.33936093553586,379.9190506824209,87.57968974688504,0.29958227132540444,0.23177259629639396,88.05482475912598
ridge_model,242.75171700488073,343.3910428485027,100.63932584362198,0.4145771946964171,0.1599891539243295,54.938842410525126
ridge_model,442.7796305981407,516.0294541329754,73.24982353483466,0.16543178247807644,0.34035174255637685,175.6315239245741
ridge_model,505.54671645728143,512.5381337435415,6.991417286260059,0.01382941884234517,0.4861741066327525,249.1827692879845
ridge_model,474.9171617926677,557.7409284005671,82.82376660789942,0.1743962384834966,0.3323478919506162,185.36402180850806
ridge_model,617.434678434942,570.1948395570192,-47.23983887792281,-0.07650985687694958,0.575918237108901,328.38560680627114
ridge_model,294.85536994650215,270.9257781348874,-23.929591811614728,-0.0811570493559485,0.5804517633729972,157.25934566159683
ridge_model,717.467322019467,585.399425614942,-132.06789640452507,-0.1840751381300425,0.6761863598076231,395.83910664004105
ridge_model,266.9772170141728,260.3149128115298,-6.662304202643043,-0.02495457955983325,0.5249338801953979,136.64811725488303
ridge_model,383.3711770715268,359.41657987101337,-23.954597200513433,-0.062484084963028264,0.5621608318916759,202.04992353594983
ridge_model,266.4336179135411,236.92752876425183,-29.506089149289295,-0.11074461766631923,0.6089685113898615,144.28140449884503
ridge_model,336.39439243010713,315.04946534030114,-21.344927089805992,-0.06345208948226104,0.563113644532147,177.40865263568128
ridge_model,764.8593556145701,630.0523400659889,-134.80701554858115,-0.1762507244750412,0.6692960441956489,421.6915388423781
ridge_model,588.6941797749441,499.6922936450742,-89.00188612986994,-0.1511852659455459,0.6467402363466939,323.1711120926368
ridge_model,305.24266766473113,237.98915772424616,-67.25350994048497,-0.22032801133278687,0.7070940353231042,168.28071389838394
ridge_model,256.37380365626416,262.1105185381431,5.736714881878925,0.02237636919242531,0.47763855737038247,125.19408994616155
ridge_model,461.0193485856391,437.5522322252713,-23.467116360367754,-0.05090267129213232,0.5507275399802827,240.97206446630506
ridge_model,581.7472844259253,539.6846123377104,-42.06267208821487,-0.07230402825124106,0.5718042135949482,308.59393534705896
ridge_model,472.5465909334413,386.1403887353909,-86.40620219805038,-0.18285223902974002,0.675114382121681,260.68892995331913
ridge_model,573.4835718398938,581.346054311409,7.86248247151525,0.013710039585423927,0.4862933953950396,282.7047466506042
ridge_model,192.38502219616436,157.76258041510445,-34.622441781059905,-0.17996433082902533,0.672575597915539,106.10726185138718
ridge_model,744.0359811402852,600.261942681275,-143.77403845901028,-0.1932353301498496,0.6841568167225355,410.6732999045061
ridge_model,412.25746306035046,432.05987980025634,19.80241673990588,0.048034101294139576,0.45211312572147966,195.33994275534067
ridge_model,189.5605649707772,181.76097322740162,-7.799591743375572,-0.041145645164003194,0.5410530185897401,98.34232322649459
ridge_model,357.0434721850994,306.2637068444393,-50.779765340660106,-0.14222292044688253,0.6385073971945112,195.55164231238575
ridge_model,417.1740953777763,390.15642398530775,-27.01767139246857,-0.06476354043029071,0.5644037696059582,220.20575643328817
ridge_model,314.84471031916905,277.3773655009402,-37.46734481822887,-0.11900261808510905,0.6168053644059406,171.08784700576717
ridge_model,629.9546011362719,615.2211905667177,-14.733410569554167,-0.023388051365890464,0.5233710085666342,321.9889349984685
ridge_model,473.5617540035448,464.2446558421416,-9.317098161403237,-0.01967451569438501,0.5196643676584036,241.2514055169997
ridge_model,317.88095784682014,398.02945869792325,80.14850085110311,0.2521336961924121,0.2672666936247031,106.38001739142427
ridge_model,132.49921949173307,100.85566319473622,-31.64355629699685,-0.2388206996115261,0.7221763494354783,72.83557466586873
ridge_model,430.78585097815426,401.00674598191125,-29.779104996243007,-0.06912739805317596,0.568690297065672,228.04864549779157
ridge_model,350.2265835541767,455.28834313581956,105.06175958164283,0.2999822529616481,0.23148784513954815,105.39371746966606
ridge_model,466.42747932165264,382.1634764260512,-84.26400289560144,-0.18065831588256878,0.6731866158757916,257.2673374065813
ridge_model,651.7303890276737,511.25216876202626,-140.47822026564745,-0.21554652449953884,0.7031171904245651,359.4701884984215
ridge_model,266.34807324582846,215.66117180414946,-50.686901441679,-0.1903032405077586,0.6816170230247618,146.99832590717605
ridge_model,266.38537677090085,207.99810334210437,-58.387273428796476,-0.21918347822452441,0.7061449507083344,146.87681043193734
ridge_model,303.803226426852,394.05633937548606,90.25311294863405,0.2970775327508402,0.2335613037201279,92.03631236371969
ridge_model,461.9661913503604,610.8669482685765,148.90075691821608,0.32231959763758566,0.21597497575228114,131.9319743401758
ridge_model,201.0575405594342,218.1134542453773,17.055913685943125,0.08483100727525941,0.4159736878167933,90.72945792490901
ridge_model,94.21444738997974,91.6573182426942,-2.5571291472855364,-0.027141581977346525,0.5271149543402243,48.31394312044516
ridge_model,546.8574476673242,517.2547289595002,-29.60271870782401,-0.054132423054851685,0.553921909620936,286.518727225706
ridge_model,292.74683013160404,230.93575317883895,-61.81107695276509,-0.2111417463512004,0.6994262032168389,161.52251703289636
ridge_model,150.90603765991335,188.3271104130721,37.42107275315874,0.24797598116976644,0.27053618094477755,50.94929721951797
ridge_model,534.90663340905,465.914012501392,-68.99262090765797,-0.12898067924107873,0.6261938679765556,291.75249763272393
ridge_model,315.2654030422818,362.1263272728357,46.860924230553906,0.14863960262797743,0.35558962814753753,128.76836605738112
ridge_model,601.2360266422271,586.2998141306484,-14.936212511578674,-0.024842510843859748,0.5248220889235369,307.70309318752834
ridge_model,701.4695729515377,584.0110556147333,-117.45851733680433,-0.1674463467354402,0.6614551020833208,386.2970924094314
ridge_model,392.0078846224547,355.198955390007,-36.808929232447724,-0.09389844101706944,0.5928099343696811,210.56546943292932
ridge_model,331.8375249153692,359.95545119807923,28.117926282710016,0.08473401641324659,0.41606794256491764,149.76592399501143
ridge_model,307.5259290756184,431.214398794934,123.6884697193156,0.40220501110623913,0.16675249934296096,71.90607875172755
ridge_model,68.27174499943663,100.27822960970354,32.00648461026691,0.46881011479245216,0.13293652136882325,13.33063901333812
ridge_model,765.4397485645513,653.5250794156874,-111.91466914886394,-0.14620963878442472,0.6421799962257922,419.68073303262673
ridge_model,168.36628924698925,220.50827882594248,52.14198957895323,0.3096937624043148,0.22464927804565243,49.53702564133741
ridge_model,351.77361896852636,465.8545532125148,114.08093424398845,0.32430213095142707,0.2146351926784349,99.98878178889431
ridge_model,363.3457529659053,279.19778052483025,-84.14797244107507,-0.2315920077617396,0.7163378571461653,199.99993982112227
ridge_model,201.7146762833217,168.70493819133847,-33.00973809198322,-0.1636456935122502,0.6580424359762559,111.01500848865206
ridge_model,121.43999901863724,133.2327030111087,11.79270399247146,0.09710724709954624,0.40409554689959887,53.8387419881858
ridge_model,598.7750233051204,478.25542242263543,-120.51960088248495,-0.2012769340598752,0.6910660139060143,330.5060684025477
ridge_model,371.1242881043308,323.97911837814763,-47.145169726183155,-0.12703337193853953,0.624368818600167,202.2824593928877
ridge_model,173.66696747925593,200.64392158965336,26.97695411039743,0.15533727859686244,0.34947467863929216,70.11997001847143
ridge_model,538.5185280064754,467.8466476447464,-70.67188036172905,-0.13123388831828503,0.6283011376073989,293.9485809410021
ridge_model,281.9625670059949,254.59772556681588,-27.36484143917903,-0.09705132752106493,0.5958505896846835,151.70220491136647
ridge_model,258.01445968829404,328.474304748107,70.45984505981295,0.27308486952605343,0.25117799545365244,82.50551742466166
ridge_model,476.20199615360343,378.0444919790098,-98.15750417459361,-0.20612577218792671,0.695191383907323,262.8132735574287
ridge_model,124.64550323605349,107.70915372208816,-16.936349513965325,-0.13587613731954123,0.6326272879593068,68.1397498075967
ridge_model,111.11271494112724,110.10232225884818,-1.0103926822790612,-0.009093402882059133,0.5090924004369985,56.052255532444995
ridge_model,421.8171879075184,438.1820352557124,16.364847348193962,0.03879606573021364,0.4612816049678719,202.12531249084364
ridge_model,134.0510144913575,128.80153571932001,-5.249478772037492,-0.03916030618608958,0.5390804308490454,69.43438736958974
ridge_model,132.4032477391118,111.48694105718528,-20.916306681926528,-0.15797427207480705,0.6529194966729668,72.79199744066612
ridge_model,547.9814624298182,656.8180123668856,108.83654993706739,0.19861356158741675,0.311213057442354,204.41034181190835
ridge_model,281.96824577029594,213.00808834142057,-68.96015742887536,-0.24456710449960886,0.7267644975392081,154.8067162952398
ridge_model,182.46632143825187,163.16061491803416,-19.30570652021771,-0.10580421837873749,0.6042527626144086,98.59025231408783
ridge_model,313.7742265682814,352.0563421147284,38.28211554644702,0.12200529012575329,0.38035984234095943,133.90809478189297
ridge_model,422.8866610257602,451.6681847514883,28.781523725728107,0.06805966321074118,0.4323575917889477,195.282168646839
ridge_model,529.6967147126813,543.8579429213485,14.161228208667126,0.026734597016234988,0.4732908515490005,257.4029889269327
ridge_model,25.993449448411635,48.60418432505833,22.610734876646692,0.8698628060704868,0.05,2.4302092162529165
ridge_model,351.5699575243088,413.96309095308686,62.39313342877807,0.1774700371673936,0.32962532349479007,136.45271777031445
ridge_model,154.68715967826247,217.35752209945886,62.67036242119639,0.405142628202276,0.16512620452963145,35.89142265024913
ridge_model,106.59208227583191,110.12685955847479,3.534777282642878,0.033161724653204695,0.46688681387474584,51.41677858128789
ridge_model,132.1665679180113,123.7566598573006,-8.409908060710706,-0.06363112996872052,0.563289824336935,69.71086719154466
ridge_model,76.224961221763,90.36554764185274,14.140586420089747,0.1855112314055526,0.3225571367780753,29.148052310738773
ridge_model,598.9400399823005,517.1378003376118,-81.80223964468871,-0.13657834538346456,0.6332798451461152,327.49294611700543
ridge_model,563.1508995670627,641.6997043634744,78.54880479641179,0.13948091862553763,0.36402801735326995,233.59667111561507
ridge_model,310.1546162756803,401.6106689766775,91.45605270099719,0.2948724536142537,0.2351439413540415,94.43631559300924
ridge_model,145.13756861567325,129.50040778968835,-15.637160825984893,-0.1077402699737403,0.6061031420690787,78.4906040605571
ridge_model,323.5576857599395,260.1787955917364,-63.3788901682031,-0.19588126926840013,0.6864393510205247,178.59696359529326
ridge_model,31.565676162125193,38.23120247927562,6.66552631715043,0.21116374263346896,0.3005553000653558,11.490590533018059
ridge_model,144.46263762346956,131.3296082912601,-13.133029332209475,-0.09090952199308223,0.5899208264040517,77.47407105450056
ridge_model,252.49304710208096,257.72161401160224,5.228566909521277,0.020707765895064064,0.47930406562684036,123.52701739567222
ridge_model,146.51277441611944,153.73164096539713,7.218866549277692,0.049271243262208456,0.45088762448500114,69.315694403069
ridge_model,501.801349985356,595.9520974329735,94.15074744761745,0.18762553638081092,0.32071189567484626,191.1289268991296
ridge_model,610.7325514755008,512.1592028846154,-98.57334859088542,-0.16140182532065286,0.6560198964561927,335.9866272454516
ridge_model,194.2623993646843,175.14298023553815,-19.119419129146166,-0.0984205857215514,0.597168833204368,104.589929151192
ridge_model,318.2101259853132,310.7108115117607,-7.499314473552488,-0.023567177349656732,0.5235497401924729,162.67256464197473
ridge_model,512.6251102173163,647.1935047250469,134.56839450773055,0.2625083941960689,0.259218653205778,167.76462865835398
ridge_model,555.8919187631545,685.7646995213918,129.87278075823724,0.23362955347003586,0.2820089665803084,193.3917942292834
ridge_model,242.15886076969633,260.1611447332326,18.002283963536286,0.0743408021755489,0.4262021949138095,110.88125091659302
ridge_model,41.40499127744981,29.162396818727245,-12.242594458722564,-0.2956791942470517,0.765435935836648,22.321946500182175
ridge_model,180.88655372559683,142.8941562626823,-37.99239746291454,-0.21003439271969682,0.698494189228558,99.81073782420114
ridge_model,537.8971058809161,637.0486660033685,99.15156012245234,0.18433183417127977,0.32358885789282327,206.14185025417663
ridge_model,556.6629286327259,586.631958889423,29.969030256697124,0.05383694281619755,0.44637015267659563,261.8549970544421
ridge_model,158.5563431447304,197.2878701877988,38.73152704306841,0.24427611204248217,0.2734667020998885,53.95166322456825
ridge_model,59.4454065021933,81.13801050486694,21.69260400267364,0.3649164044638717,0.1885184734186161,15.296013876601153
ridge_model,334.1449975015087,437.9197742941993,103.7747767926906,0.310568099383927,0.2240406897499465,98.1118482880133
ridge_model,443.7750198288772,541.6648913052143,97.88987147633708,0.22058445631771728,0.29269355842062944,158.54182450764662
ridge_model,145.24203735141535,114.96465934922188,-30.277378002193473,-0.20846153465154782,0.6971675608998537,80.14963114817957
ridge_model,210.6317666138125,208.06891506175845,-2.562851552054042,-0.01216745030085115,0.5121650490661074,106.56562609173724
ridge_model,152.22919256822726,135.92312717049012,-16.306065397737143,-0.10711523277921194,0.6055060931710332,82.30228170459299
ridge_model,612.446726848697,541.4900002006661,-70.9567266480309,-0.11585779389030929,0.6138278300453492,332.38163181443065
ridge_model,250.28588237277452,224.21844606730716,-26.067436305467368,-0.10415064588678102,0.6026699928079023,135.12972927878303
ridge_model,309.08254473187293,262.2071100975452,-46.875434634327746,-0.15165992202824613,0.6471738889791531,169.69359515981327
ridge_model,94.1609176991503,90.15948031429127,-4.001437384859031,-0.04249573477654349,0.5423937062162448,48.90193467819901
ridge_model,243.93730652889337,246.37998429338336,2.4426777644899857,0.010013547330041788,0.4899877912148206,120.7231843034571
ridge_model,331.19305388667465,340.14015108624903,8.947097199574387,0.02701474893442615,0.4730115074384892,160.89020560566212
ridge_model,595.2312211886215,545.2822034739518,-49.94901771466971,-0.08391531884857477,0.583136211391074,317.97379827277695
ridge_model,465.962681649944,434.65133853755646,-31.311343112387533,-0.06719710471558811,0.5667954394183826,246.3583964201825
ridge_model,104.75201005936664,107.80536273443806,3.053352675071423,0.029148392220263657,0.47088458337004696,50.76388331626266
ridge_model,784.0551260339382,640.9387047896752,-143.11642124426305,-0.1825336210327489,0.6748347835053599,432.5277320869462
ridge_model,382.9299378688001,459.48159357078987,76.55165570198977,0.19991034424740642,0.31010223703762846,142.48627004391633
ridge_model,319.2967130915861,427.7606320098464,108.46391891826028,0.3396963215438701,0.20443779603553594,87.45044083886093
ridge_model,640.1373391067773,510.35479726766476,-129.78254183911253,-0.2027417148017112,0.692315497860135,353.3265355556716
ridge_model,243.49338538510452,205.0763642144211,-38.41702117068343,-0.15777439337797122,0.6527382919830214,133.86119570340924
ridge_model,135.005874109167,104.99173515815852,-30.014138951008476,-0.22231728174093202,0.7087393230043241,74.41177129704256
ridge_model,392.9639432866157,395.2752101340158,2.311266847400134,0.005881625749348631,0.494118645523832,195.31285144056798
ridge_model,617.2885000560723,620.7549516727028,3.4664516166304793,0.005615610231383865,0.49438462587498067,306.89170454275086
ridge_model,310.7883994951958,286.00075750946286,-24.787641985732932,-0.0797572947574451,0.5790876374358538,165.61950297101936
ridge_model,770.0708908209459,640.6795315817044,-129.39135923924152,-0.16802525687122374,0.6619734546512356,424.1128428454762
ridge_model,373.50470759834695,507.09353889012567,133.58883129177872,0.3576630456701905,0.19299708695660314,97.8675758203092
ridge_model,814.4195559447121,667.5880831263629,-146.8314728183492,-0.1802897189127873,0.6728621583224852,449.1947584827752
ridge_model,473.34669329802574,576.7972624767034,103.45056917867765,0.21855137184521053,0.294379981682549,169.79756756243634
ridge_model,266.76777889406367,304.90745305232855,38.13967415826488,0.14296956820040307,0.360803536262071,110.01168729394153
ridge_model,369.36165888010754,496.07309168675454,126.711432806647,0.3430551865909199,0.20226128838778906,100.33638265907679
ridge_model,111.72394123957052,136.60831094069113,24.884369701120605,0.2227308616669802,0.2909192972250866,39.741993813971966
ridge_model,429.94835612457183,445.7170627089374,15.768706584365589,0.03667581550142458,0.46338982084838465,206.54074983776275
ridge_model,414.77830030238334,373.18220834465654,-41.5960919577268,-0.1002851208161137,0.5989616426052035,223.52182850115275
ridge_model,227.1825700126456,230.78603334679957,3.6034633341539575,0.015861530811775652,0.48414378781173273,111.7336243585644
ridge_model,247.44200182010417,263.40226885240423,15.960267032300067,0.06450104232467184,0.43585439072725407,114.80503540684101
ridge_model,213.8232968736634,224.95259149457036,11.129294620906961,0.05204902732129633,0.4481381694176471,100.80984255813253
ridge_model,652.5878909594384,615.0766572679704,-37.511233691467964,-0.05748073816741947,0.5572288451906522,342.7384554331577
ridge_model,289.6463054085282,269.9369253177032,-19.709380090824993,-0.06804637146338233,0.5676293596820845,153.22412407263852
ridge_model,123.762469326047,97.59270079731556,-26.16976852873144,-0.21145157066790812,0.6996866752681831,68.28431235131629
ridge_model,292.5906288976858,291.65977553064323,-0.9308533670425732,-0.003181418935218453,0.5031813760019167,146.7577671759192
ridge_model,440.93951077757487,518.4128398700259,77.47332909245102,0.17570058295712868,0.3311912078944642,171.69377462455333
ridge_model,298.3226183929867,321.99952565972086,23.676907266734133,0.07936678550985377,0.42129314846183563,135.65619396840142
ridge_model,629.2044295696749,581.0382112891317,-48.16621828054315,-0.07655098409508172,0.5759584156653057,334.6538476150914
ridge_model,441.99619244539696,473.6746130751766,31.678420629779623,0.07167125231218613,0.42881562468615336,203.11907510380382
ridge_model,691.5012905566776,557.1059565446499,-134.39533401202777,-0.19435297641141902,0.6851220524805285,381.6855763969986
ridge_model,106.94859059241988,85.64877889380006,-21.29981169861982,-0.19915934918481734,0.689254728578515,59.0338258495274
ridge_model,561.4385219871201,622.2669053944728,60.8283834073527,0.10834380083514854,0.39332065284625856,244.75042547437505
ridge_model,328.45835687553256,305.7359622616013,-22.72239461393127,-0.06917892067073146,0.5687408465590544,173.88453000021025
ridge_model,133.38738314122594,143.4646188180796,10.077235676853661,0.07554864215444,0.42502109049448333,60.97548873743557
ridge_model,114.6992021313152,83.95794368960276,-30.741258441712446,-0.2680163233090133,0.7449894790445877,62.54778473097198
ridge_model,237.14338896943255,203.3970182756732,-33.74637069375936,-0.1423036536688325,0.638581931840882,129.88566086115455
ridge_model,157.10657171647188,188.11319044336514,31.006618726893265,0.19736041839707694,0.3122885654949279,58.74559839423268
ridge_model,431.251597706785,437.3048156484131,6.053217941628134,0.01403639539845558,0.4859672907144681,212.51583647704925
ridge_model,585.8075881778408,557.5091306187094,-28.298457559131407,-0.048306744620966735,0.5481570026201974,305.60253397334384
ridge_model,647.204374917644,546.8284973781278,-100.37587753951618,-0.1550914694485631,0.6503017571917132,355.6035327275007
ridge_model,559.578839787104,536.5470296919802,-23.031810095123774,-0.04115918697691714,0.5410664690819448,290.30760685184515
ridge_model,173.1505322724627,209.22663872595754,36.076106453494845,0.20835111495197103,0.3029256966354399,63.3801252907522
ridge_model,198.17046750812375,259.94709895848774,61.77663145036399,0.3117348019973336,0.22323042624561187,58.02810170181347
ridge_model,192.7088692483722,184.8875515654302,-7.821317682942009,-0.04058618429679814,0.5404972784487275,99.93121844016379
ridge_model,165.0758241756551,218.74783423530792,53.67201005965282,0.32513549653728285,0.21407381570706435,46.82818355240877
ridge_model,379.4680328899806,469.8770034365278,90.40897054654721,0.23825187554799784,0.2782803913961589,130.75755642437124
ridge_model,461.10955384851616,548.4061271565533,87.29657330803718,0.18931850919036883,0.31923839469392057,175.07229167376818
ridge_model,234.5672445982206,274.3262504565707,39.759005858350065,0.16949939419909812,0.3367083691397175,92.3679444034456
ridge_model,540.0620306756346,538.1797263782688,-1.8823042973657493,-0.003485348331211005,0.5034852918805721,270.9655766197691
ridge_model,318.84150331304255,311.95922959481294,-6.882273718229612,-0.021585250498184078,0.5215718510663803,162.7091528370085
ridge_model,196.31514152174805,208.29969587551435,11.984554353766299,0.06104752929838901,0.4392540220251684,91.49647919993906
ridge_model,622.4914304114809,670.5364580256883,48.045027614207356,0.07718182976824035,0.4234254162037104,283.92217881928883
ridge_model,349.6745279402746,283.1799481320682,-66.49457980820637,-0.19016134861148318,0.6814938395050033,192.98539012335084
ridge_model,206.1473318707726,194.58166803869855,-11.565663832074051,-0.056103873511805666,0.5558695932562958,108.16203266780293
ridge_model,635.9330544824535,628.7463587260072,-7.186695756446284,-0.011301025643800023,0.511299101650378,321.47744838255375
ridge_model,251.1121418065252,216.20740763107796,-34.90473417544723,-0.1390005832626777,0.635527053674658,137.40565675441474
ridge_model,324.098767437868,356.9342322856072,32.83546484773922,0.1013131432350603,0.40005100952424133,142.7918999596172
ridge_model,425.4887347951667,499.83361363851526,74.34487884334857,0.17472819551647759,0.3320533221058664,165.9714119088491
ridge_model,470.2690237026412,389.7074416134449,-80.56158208919629,-0.17130956543745626,0.6649068185773752,259.1191351791239
ridge_model,398.051725971793,358.018230030214,-40.03349594157902,-0.10057360219665495,0.5992387914442078,214.53841147829982
ridge_model,564.9317250247195,449.7309345235577,-115.2007905011618,-0.20391984623650053,0.6933184245487093,311.8067429946918
ridge_model,238.31899146487595,291.2479281640718,52.92893669919587,0.22209281926655297,0.2914460529901563,84.88305910497931
ridge_model,184.95522562926732,239.69345466427882,54.7382290350115,0.29595394695541777,0.2343668011864844,56.176188235004645
ridge_model,624.305615960136,566.4716295425383,-57.83398641759777,-0.09263729964795105,0.5915916775060054,335.11990158063065
ridge_model,389.3845083155804,379.6998746754915,-9.684633640088862,-0.024871645977861703,0.5248511521686011,199.28591670170516
ridge_model,574.8939389332888,486.14011272856646,-88.75382620472237,-0.1543829569144604,0.649656993388457,315.824324000766
ridge_model,517.9444619823878,431.8391312603794,-86.10533072200838,-0.16624433127916388,0.6603775875968817,285.1768837316625
ridge_model,527.1792011771714,439.2134865919047,-87.96571458526671,-0.1668611250004601,0.6609307040480445,290.289678920584
ridge_model,201.49683080394215,196.04016506358803,-5.4566657403541114,-0.02708065292433054,0.5270542040712657,103.32379316358893
ridge_model,627.0167510146084,546.0250016055754,-80.99174940903299,-0.1291699931109911,0.6263711056890174,342.0142839895318
ridge_model,218.6251778894482,264.3247518618607,45.69957397241251,0.20903161481026367,0.30235122307922263,79.91891201554562
ridge_model,654.676536309137,567.1471051279884,-87.52943118114854,-0.13369874484063884,0.6306007687175789,357.643400469659
ridge_model,293.5602166445157,330.9636335729909,37.40341692847517,0.12741309894102074,0.3752750156134037,124.20238275657297
ridge_model,421.98526198279467,365.9654572057782,-56.019804777016475,-0.13275298884561645,0.6297191035518798,230.45543964257647
ridge_model,553.7408048680613,450.9806901400223,-102.76011472803901,-0.1855743947793832,0.6774980690801965,305.5385467623195
ridge_model,330.62430999065225,389.0515174755731,58.42720748492087,0.1767178205576377,0.3302905406540318,128.50003604927855
ridge_model,261.4451502998812,295.2744950386879,33.8293447388067,0.1293936594348909,0.37341953916802845,110.26126586541915
ridge_model,520.0637873298249,513.8722140072156,-6.191573322609315,-0.011905411361938597,0.5119031619267963,263.052811176617
ridge_model,117.63327810103034,118.52805723994354,0.8947791389131936,0.007606513678422741,0.49239407307480265,58.362512878019146
ridge_model,493.0149508584995,488.02991082705097,-4.985040031448534,-0.010111336426548437,0.5101099582864116,248.94891745450815
ridge_model,203.11329573964892,269.90749596616627,66.79420022651735,0.3288519344993264,0.211583340840456,57.107929714403355
ridge_model,421.7762985074602,409.3026239955191,-12.473674511941056,-0.029574147613513724,0.5295397072184188,216.74199167431777
ridge_model,305.00888586073415,255.7914071497056,-49.21747871102855,-0.16136408148286227,0.6559858268893672,167.79553773029443
ridge_model,317.77188818101894,274.4951355657232,-43.27675261529572,-0.13618810922205646,0.6329172614924721,173.7327094952624
ridge_model,364.9140560714328,271.2307463783953,-93.68330969303753,-0.25672705157375136,0.7363160482265618,199.71155133088087
ridge_model,398.3194964103068,559.2306339570742,160.91113754676746,0.4039750476612718,0.16577106036207315,92.70425517801858
ridge_model,461.30601206640824,443.90788218277373,-17.39812988363451,-0.037714942854744166,0.537643576773196,238.66422153456094
ridge_model,358.2348071386952,287.785032679831,-70.44977445886423,-0.19665809423032612,0.6871077796105881,197.7393348097992
ridge_model,224.30710676256516,244.65789361208286,20.350786849517704,0.09072733870647949,0.4102554760698502,100.37224061807181
ridge_model,558.3815496134125,509.86409758855905,-48.51745202485347,-0.08688942544474085,0.5860252029405679,298.79321126144487
ridge_model,660.4425622593634,532.219551669381,-128.22301058998244,-0.19414710365021537,0.6849443738245551,364.5407875553696
ridge_model,537.4486716625657,559.1330814137418,21.684409751176076,0.04034694082338437,0.4597404047524457,257.05606915963585
ridge_model,480.104370355134,408.57381761400677,-71.53055274112722,-0.14898958884339245,0.6447310982275255,263.4202461372913
ridge_model,162.28310451017555,190.68271186816082,28.399607357985275,0.17500039479590157,0.3318118777065921,63.270788671159515
ridge_model,638.0445145215127,578.0889402623202,-59.95557425919253,-0.0939676980126612,0.5928768034141022,342.73552299177027
ridge_model,420.1110979571745,497.5222170408034,77.41111908362893,0.1842634471215995,0.32364873476791356,161.0224360641833
ridge_model,124.49060049402551,129.54698356733283,5.056383073307316,0.040616585133670224,0.4594725202962516,59.523279036459506
ridge_model,235.27811761739352,231.28551562041633,-3.9926019969771858,-0.01696971242973776,0.5169631997139027,119.56610020261026
ridge_model,127.33149010162909,109.50853599544172,-17.822954106187368,-0.1399728699629766,0.636427430441477,69.69423617498697
ridge_model,391.0269903920518,378.4685436094546,-12.558446782597173,-0.03211657274605472,0.5320724756305225,201.3726949465609
ridge_model,319.54301971048153,432.1922448573442,112.64922514686265,0.3525322670134596,0.1962136997436001,84.80203936395142
ridge_model,380.2853707615285,408.25872760721154,27.973356845683043,0.07355885604977619,0.4269672827388541,174.31311958087312
ridge_model,179.62342246641472,212.80959482039145,33.18617235397673,0.18475414786276967,0.32321922555445437,68.78415242840416
ridge_model,452.112640122952,463.3182071397183,11.205567016766338,0.024784900978921946,0.4752353792877945,220.185203900985
ridge_model,565.6691466337952,513.2458200178286,-52.42332661596663,-0.09267489119378225,0.5916280071241928,303.6506016619701
ridge_model,402.15587758232147,456.670586190894,54.51470860857256,0.13555616527676728,0.367670221314743,167.90417549273943
ridge_model,689.8421599513094,596.8259680701045,-93.01619188120492,-0.1348369196335727,0.6316606580942365,376.99148375889206
ridge_model,307.64692809302676,284.4571091198007,-23.189818973226068,-0.07537802869337897,0.5748121241607661,163.50939512578347
ridge_model,186.5262770863605,187.29096758627813,0.7646904999176343,0.004099639535311088,0.4959004523326497,92.87767554385495
ridge_model,91.06777716361007,77.17619093607846,-13.891586227531619,-0.15254118042844447,0.6479783764147127,50.00850290063198
ridge_model,143.8549860520897,116.02524975151559,-27.829736300574126,-0.19345687670844453,0.6843482781391567,79.40167988811531
ridge_model,553.837359075948,553.4765647960244,-0.36079427992365254,-0.0006514444611060927,0.5006514440924931,277.0988414364819
ridge_model,336.56848365859423,314.7114574006539,-21.857026257940333,-0.06494079903248308,0.5645780792758763,177.67919014537296
ridge_model,95.02020685904614,103.26482960822608,8.244622749179939,0.08676704694413147,0.41409355799088704,42.76130070779303
ridge_model,575.0117219060105,640.716710036773,65.70498813076244,0.11426721513253318,0.38768140153611386,248.393952134664
ridge_model,264.675747588135,249.13288182176638,-15.542865766368607,-0.05872417819918673,0.5584556437299503,139.12966389207216
ridge_model,185.61792391524813,177.84367769416332,-7.774246221084809,-0.04188305771933144,0.5417853707380773,96.3531028529554
ridge_model,251.1556502722435,198.84130689593755,-52.31434337630594,-0.20829451107151728,0.6970264909405572,138.5976583997098
ridge_model,299.689056274687,385.4050911771373,85.7160349024503,0.2860165665304951,0.2415745721026898,93.10406998731509
ridge_model,92.65681121424488,105.60998390065106,12.953172686406177,0.1397973070372055,0.3637350774265678,38.41405567112189
ridge_model,332.2293764400841,399.2487712486972,67.01939480861313,0.20172627576387647,0.30855039129714024,123.18836459368795
ridge_model,184.11208970364285,145.4267949418579,-38.685294761784945,-0.2101181667323149,0.6985647557814675,101.59003349264052
ridge_model,124.5817744544144,109.4103954641439,-15.171378990270497,-0.1217784788883533,0.6194263093176985,67.77167746334452
ridge_model,60.98181721983856,65.55429229052186,4.572475070683296,0.07498095791733445,0.4255761032754289,27.89834026597878
ridge_model,35.88598786056829,41.98952371754115,6.103535856972854,0.17008131086393893,0.3361887154924408,14.116404042739536
ridge_model,132.12301879164062,116.41085676808024,-15.712162023560381,-0.1189207010803971,0.6167279149740418,71.79382497491994
ridge_model,561.5796822292014,534.9814234406609,-26.59825878854042,-0.04736328544323064,0.5472221265437538,292.7536721966029
ridge_model,546.3787898746884,632.767393210868,86.38860333617959,0.15811119490197037,0.3469563983146556,219.54269571939622
ridge_model,147.4597413359118,143.28192767714012,-4.177813658771669,-0.028331893308117584,0.5283016096645791,75.69607302767693
ridge_model,668.8922140357987,641.7201356663362,-27.172078369462497,-0.040622506585206365,0.5405333622462549,346.8711425528476
ridge_model,62.06928479024478,89.42743989806701,27.358155107822228,0.44076800949576944,0.14640600607765075,13.092714309225146
ridge_model,477.7411361723483,432.12071753281157,-45.62041863953675,-0.09549192059332919,0.5943475961987348,256.829909733299
ridge_model,411.0057654245888,515.5869958806811,104.58123045609233,0.25445197915424583,0.265454611679608,136.86494577856186
ridge_model,650.2985711974341,679.8349190237911,29.536347826357087,0.0454196720315255,0.4547048481235669,309.12423360381035
ridge_model,243.22861759627588,230.76374338108937,-12.464874215186512,-0.05124756428076399,0.5510688589990046,127.16671276335602
ridge_model,680.9330686248741,568.8146903864738,-112.11837823840028,-0.16465403635752382,0.6589494562404302,374.82013093173555
ridge_model,432.30725774113824,535.2959089672893,102.98865122615103,0.23823021562089927,0.2782977924854214,148.9716697920737
ridge_model,720.729944900258,559.0876805020025,-161.64226439825552,-0.22427577144810493,0.71035382225976,397.15007082294096
ridge_model,510.4543750320455,660.1663515161238,149.71197648407826,0.29329159236744634,0.23628312506641092,155.98616859992046
ridge_model,522.7974318549136,449.5286227089205,-73.26880914599309,-0.14014760724059294,0.6365891431412395,286.16504074773326
ridge_model,432.16279228896633,470.32639526879655,38.163602979830216,0.08830839595814177,0.4125985056728478,194.0559678664026
ridge_model,382.4570671338528,475.37134028699245,92.91427315313967,0.2429404007342383,0.27452951665973896,130.50346428288034
ridge_model,351.43931589566165,412.8739045315448,61.43458863588313,0.17480852556098864,0.3319820590924258,137.06672897191186
ridge_model,510.19578633034166,583.9827693463402,73.78698301599854,0.14462483813659516,0.3592779656723884,209.81214135848072
ridge_model,313.92644056486665,424.25726853559144,110.33082797072478,0.3514543973174095,0.19689457053566364,83.533952684949
ridge_model,372.2298219510593,365.2253537343635,-7.004468216695784,-0.01881759011134989,0.5188087106879287,189.48209488146782
ridge_model,314.46800852423786,267.4642252537446,-47.00378327049327,-0.14947079510910063,0.6451718620828994,172.56039224751845
ridge_model,491.5779538643877,526.5346722816549,34.95671841726721,0.07111124114184902,0.4293643723395799,226.07522907923916
ridge_model,527.1558943563921,450.65438961562876,-76.50150474076332,-0.1451212166263729,0.6411789664785921,288.9501157727896
ridge_model,432.849396942834,380.37437471072644,-52.47502223210756,-0.12123159371996974,0.6189104897096427,235.41769052521482
ridge_model,544.6027807887253,644.2070834808817,99.60430269215635,0.18289348899009222,0.3248494286915567,209.2703030278184
ridge_model,470.18271352951473,528.131324032345,57.94861050283026,0.12324700342092151,0.3791899210399798,200.26207505856488
ridge_model,53.5391040086766,74.83322291225704,21.29411890358044,0.39773020669396136,0.16925438249799615,12.665850934348963
ridge_model,352.0685727015968,277.00146239266803,-75.06711030892876,-0.21321729949623616,0.7011686756552484,194.22474854043415
ridge_model,396.3698341114785,412.8196235784043,16.44978946692578,0.04150111348357377,0.45859393011315414,189.3165736046533
ridge_model,367.7829980600229,467.3516169026034,99.56861884258046,0.27072654083463277,0.25295644630332265,118.21960418579441
ridge_model,352.9356730761453,432.1024584321507,79.16678535600539,0.22430938948731682,0.28961851070591316,125.14487048348323
ridge_model,339.1055825696459,281.601885875329,-57.503696694316886,-0.16957460935491003,0.6633588205198867,186.803094870434
ridge_model,347.8959667426787,450.0858928297015,102.1899260870228,0.2937370244438838,0.23596175720488602,106.20305816522637
ridge_model,469.2509135918648,377.7777645159665,-91.47314907589828,-0.19493440806693427,0.6856235649304228,259.01333765888273
ridge_model,213.8430201203033,256.5796486849006,42.73662856459728,0.19985047227893907,0.31015347512543934,79.57906968608627
ridge_model,567.5392184514062,518.583546883562,-48.955671567844206,-0.0862595393872959,0.5854138301676891,303.5859804430514
ridge_model,492.179013222281,428.3447387793593,-63.834274442921696,-0.12969727015583343,0.6268645692950805,268.51414018473685
ridge_model,173.88747446193491,174.58018582067552,0.6927113587406097,0.003983676000149446,0.4960164082905655,86.59463672947098
ridge_model,418.10682439062094,430.23223218168175,12.125407791060809,0.02900074115923186,0.4710317362975585,202.65303533571188
ridge_model,658.3040013013618,605.0574784212436,-53.24652288011828,-0.08088439805144494,0.5801861477166635,351.0459675523796
ridge_model,764.5953413909641,609.6777749420471,-154.917566448917,-0.20261379851868896,0.6922064949166712,422.0229156212295
ridge_model,384.2092919756728,329.49156218323395,-54.71772979243883,-0.14241646658536158,0.6386860719766941,210.44167160027436
ridge_model,404.6018875393623,463.15992402486836,58.55803648550608,0.1447300131040767,0.3591811274288326,166.35830369110468
ridge_model,446.81702579708536,363.02170149002137,-83.79532430706399,-0.18753834225000698,0.6792121165943058,246.56873823870367
ridge_model,158.1067231747087,184.14419169071607,26.03746851600738,0.16468286732649473,0.34102462691531055,62.79770426994788
ridge_model,284.2362895344896,253.45168826418103,-30.784601270308542,-0.10830637185957602,0.6066436214469363,153.75485003042274
ridge_model,591.2989763287625,530.9695062701969,-60.32947005856556,-0.1020287070901715,0.600635764028947,318.9192750746725
ridge_model,36.00027803358747,40.135383860241575,4.1351058266541045,0.11486316363435142,0.38711567744761666,15.537036312677557
ridge_model,581.1370845965885,618.9577350684172,37.820650471828685,0.06508042848114379,0.43528462543357727,269.4227858684713
ridge_model,588.1367698544636,554.619271145785,-33.51749870867866,-0.05698929301252951,0.5567437838310313,308.78083160331306
ridge_model,400.2673330229722,344.65006550506473,-55.617267517907464,-0.1389503037828857,0.635480466975141,219.0183845701715
ridge_model,575.4102708388258,646.9545609101353,71.54429007130955,0.12433613666126117,0.3781649128221394,244.65551512646678
ridge_model,190.9788526811355,259.64456051150626,68.66570783037076,0.35954613228836,0.19182664206549416,49.80674417349325
ridge_model,398.1593839328215,416.058233570069,17.89884963724745,0.04495398164536891,0.4551667556129908,189.37587632016024
ridge_model,770.8733244527833,659.4641599307906,-111.4091645219927,-0.14452331010555886,0.6406285430678189,422.47156398190555
ridge_model,211.0820229741896,266.30915009382846,55.22712711963885,0.2616382311552502,0.25988758308958926,69.21044137252774
ridge_model,618.4288567281086,530.2220533834609,-88.20680334464771,-0.1426304778391473,0.6388835947468648,338.7501714796896
ridge_model,739.2271199769044,654.2217468662334,-85.00537311067103,-0.11499222744063671,0.6130068006449134,401.0423799587961
ridge_model,128.7410738814351,132.55017052024468,3.8090966388095637,0.02958726787006278,0.4704472183399486,62.357859011734966
ridge_model,584.4917299915722,563.6398118049597,-20.85191818661258,-0.03567530063584175,0.535614883768826,301.89387228739645
ridge_model,328.31398217312767,351.8075127310134,23.49353055788572,0.07155811763599221,0.4289264698201422,150.8995544919183
ridge_model,274.68037544392655,327.4803776438278,52.80000219990126,0.19222342373228585,0.31671847084064425,103.71908443766985
ridge_model,108.2430435427408,92.37555509552499,-15.86748844721582,-0.14659129979979166,0.6425307197048933,59.354131898666694
ridge_model,181.78093960037765,155.40164860911344,-26.379290991264213,-0.14511582484530963,0.6411740045475702,99.63949735199961
ridge_model,405.317954516569,388.0686299875256,-17.249324529043406,-0.04255751401296059,0.542455040684717,210.50978446834557
ridge_model,775.7916851510323,622.1910766704761,-153.60060848055616,-0.19799207882803355,0.68825380971675,428.2253788902217
ridge_model,289.1296809487768,393.34388299316697,104.21420204439016,0.36044103705441816,0.19127230875298942,75.23579263396879
ridge_model,674.132847635612,588.8968168367662,-85.23603079884583,-0.1264380323519235,0.6238101477234389,367.3598103048061
ridge_model,479.11995337350106,525.0261876218376,45.906234248336546,0.0958136556933375,0.4053421620735016,212.81525003584355
ridge_model,676.4404324115253,581.2935654859172,-95.14686692560815,-0.14065816052184735,0.6370614637660826,370.3197297062636
ridge_model,54.449538186289914,76.17215929250864,21.722621106218725,0.3989495931425247,0.16856966972971563,12.84031573453747
ridge_model,267.7404170012178,337.0004252081526,69.2600082069348,0.2586834254710964,0.2621674070969679,88.35052766739702
ridge_model,445.4842486108808,500.2113191048669,54.727070493986105,0.12284849725806762,0.37956523448944407,189.86282663031295
ridge_model,210.25675967194184,187.8932325271802,-22.363527144761633,-0.10636294014829709,0.6047870694919617,113.63539747748506
ridge_model,603.8458024755097,660.993398559014,57.14759608350437,0.0946393861631954,0.4064748468109007,268.67719042229186
ridge_model,464.9915827255092,431.1030224888017,-33.88856023670752,-0.07287994341332495,0.5723681579067302,246.7496428499391
ridge_model,514.9363491532515,564.8537072011857,49.91735804793416,0.09693888988419057,0.40425772061030746,228.34647215143332
ridge_model,450.5387531372676,466.2033023401809,15.66454920291335,0.03476848349633702,0.465287448049062,216.9185448179081
ridge_model,741.3443926126964,628.8125963146067,-112.53179629808972,-0.15179422333188156,0.6472965446349059,407.0282208173489
ridge_model,631.6312970255759,561.2894845221495,-70.34181250342647,-0.11136530573243301,0.6095595587101338,342.13937049395986
ridge_model,71.21364105240121,55.01099401292521,-16.202647039476005,-0.22752167702748963,0.7130179055858182,39.22382373528992
ridge_model,144.60138253530263,155.42027555637185,10.818893021069215,0.07481873846142457,0.4257347363064604,66.16781003066939
ridge_model,505.92196882791006,442.89014982754594,-63.03181900036412,-0.12458802519762582,0.6220719906923822,275.5095571612689
ridge_model,726.3339146351499,632.763397776175,-93.57051685897488,-0.1288257576489141,0.6260488034835898,396.1407680659852
ridge_model,283.41327875852477,332.72597790206714,49.312699143542375,0.17399572581621356,0.3327034708402152,110.69908768672248
ridge_model,148.18648820169864,154.5765969096642,6.390108707965567,0.0431220739860432,0.45698452363180503,70.63911250338845
ridge_model,158.59209307103367,214.5693780709906,55.977284999956936,0.35296390832602614,0.19594153925004534,42.043054215154825
ridge_model,57.89462608061131,49.26828867356886,-8.626337407042449,-0.14900065845543783,0.6447412402699,31.765297545372253
ridge_model,142.5577269374603,104.84289475517858,-37.714832182281725,-0.26455831607659624,0.7423527750783592,77.83041386875516
ridge_model,359.128113102171,367.3477351672902,8.219622065119154,0.022887715456519252,0.47712825738648407,175.2719847352408
ridge_model,407.5520587692045,412.86791893257384,5.3158601633693365,0.013043389302027038,0.48695956865530315,201.04998371501884
ridge_model,487.3991192361553,527.301685026108,39.90256578995269,0.08186835842561103,0.41885550234714125,220.8632121701045
ridge_model,89.61312852216915,82.35368855972041,-7.259439962448738,-0.08100866560699134,0.5803072143730208,47.79043960143466
ridge_model,510.6580782397595,577.2616208838481,66.60354264408858,0.13042688539006622,0.37245304012634234,215.0028456464493
ridge_model,171.6271185714875,160.63695346262682,-10.99016510886068,-0.0640351315126401,0.56368731206325,90.54901251537748
ridge_model,520.5653406452625,460.03977321228086,-60.52556743298163,-0.11626891517202752,0.6142175710607228,282.5645120937729
ridge_model,458.096326804516,369.1518456159167,-88.9444811885993,-0.19416108792890338,0.6849564446817185,252.85293572077293
ridge_model,530.1491563778454,519.2224907411658,-10.926665636679672,-0.020610549890023915,0.5205988841471895,270.3066493039753
ridge_model,200.2582591219043,176.2233697567292,-24.034889365175104,-0.12001946621609356,0.6177662612545174,108.86485228028698
ridge_model,128.0167601925525,103.5786296219423,-24.438130570610213,-0.19089789910205776,0.6821329998297998,70.65440134227526
ridge_model,836.1164185613576,678.9209913622285,-157.19542719912909,-0.18800662648103883,0.6796201042428989,461.40835492228996
ridge_model,471.08905188849826,395.50910618630456,-75.5799457021937,-0.16043664228495522,0.6551481681620375,259.1170664093622
ridge_model,50.6401755820817,53.19901090151342,2.558835319431715,0.05052974816969478,0.44964157245701736,23.920486914914502
ridge_model,263.1611767019543,307.42162727940183,44.26045057744756,0.16818761464794313,0.3378812409466782,103.87200091901147
ridge_model,524.1655595085831,481.99549148740505,-42.170068021178054,-0.08045181003634316,0.5797646271699659,279.44393641979985
ridge_model,330.2265438250878,443.8486244129098,113.62208058782204,0.3440731301357914,0.20160509728972387,89.48214510667479
ridge_model,212.7407519371268,258.28162850686715,45.54087656974036,0.21406747957344568,0.298119255286019,76.99872674452746
ridge_model,48.928952535474146,52.139077032819216,3.2101244973450704,0.06560787286459253,0.4347660879574784,22.668302551272422
ridge_model,734.3951190125542,578.9100970756734,-155.4850219368808,-0.21171848492939513,0.6999109691123058,405.1855270731336
ridge_model,281.33950234360725,262.9519896598772,-18.38751268373005,-0.06535702427337382,0.564987317238921,148.56453920057052
ridge_model,476.28985780068655,536.3168748055866,60.027017004900074,0.12603043298482253,0.3765725365217963,201.9622059249824
ridge_model,490.34215832141894,392.149318984329,-98.19283933708994,-0.20025371604438832,0.69019152855084,270.65813788996496
ridge_model,363.44477590272385,354.0368794800647,-9.407896422659121,-0.025885353281779315,0.525862252021025,186.17463074188305
ridge_model,49.83993575677632,78.30840514157313,28.468469384796812,0.5711979550641012,0.09239035243728616,7.234941149831734
ridge_model,516.8295590439432,661.7370417422135,144.90748269827031,0.2803776993063774,0.2457311537249381,162.60940672984162
ridge_model,262.6864663772181,345.9171722137566,83.2307058365385,0.3168442858301619,0.21970657249773937,76.00027627519471
ridge_model,423.5098573724167,373.2898156158767,-50.22004175654001,-0.11858057346792432,0.6164062738389282,230.0981843058031
ridge_model,373.97563575919594,300.10827280753955,-73.86736295165639,-0.19751918544559896,0.6878478082941137,206.42881770159806
ridge_model,184.24294467848267,178.68420058991683,-5.558744088565845,-0.030170729730065148,0.5301341648520714,94.72659945199557
ridge_model,319.11098294212263,304.39518999662346,-14.715792945499174,-0.0461149685599138,0.5459846550780635,166.19510281772807
ridge_model,549.2008068168793,591.5016591702622,42.30085235338288,0.07702256047028587,0.4235809574758853,250.54883913991443
ridge_model,427.8571629452071,363.9688259542341,-63.888336990973016,-0.14932164872779,0.6450352768384569,234.7727324099575
ridge_model,164.316390505398,184.6000332521772,20.283642746779208,0.12344260170511026,0.37900575925898683,69.96447576197563
ridge_model,638.1340201838489,602.4846033515649,-35.64941683228392,-0.05586509370243759,0.5556337822016004,334.76079887846106
ridge_model,131.44358716419623,144.05241398435223,12.608826820155997,0.09592576627116352,0.4052340741764348,58.374946613829486
ridge_model,55.6373707994896,96.98423454115306,41.346863741663455,0.7431491306566693,0.05,4.849211727057654
ridge_model,467.92749485577286,430.50274791991313,-37.42474693585973,-0.0799797988946877,0.5793045593658699,249.39220468954144
ridge_model,120.24719290813758,139.61063741737755,19.36344450923997,0.16103032462497985,0.34431550935129596,48.070107733223445
ridge_model,374.65518279544045,348.871991235114,-25.78319156032643,-0.06881845692871118,0.568387161026031,198.29436065962486
ridge_model,269.44414015954374,280.13350381729884,10.68936365775511,0.039671909923243105,0.46041113170218684,128.97658352022142
ridge_model,685.6696935694298,653.9092776390114,-31.76041593041839,-0.04632028544980803,0.5461882276255157,357.1575493815329
ridge_model,528.0024896243917,556.2428881551864,28.240398530794664,0.05348535108401516,0.44671772562952716,248.48355789428433
ridge_model,812.0729938599545,668.0696899870759,-144.00330387287863,-0.1773280295757657,0.6702491452870272,447.7731387060068
ridge_model,118.97305838669006,89.56013772777914,-29.41292065891092,-0.24722337189409807,0.7288693100340579,65.27763579220158
ridge_model,406.5899107855241,534.3861419541331,127.79623116860898,0.3143123520249409,0.22144775468275124,118.33861126932075
ridge_model,134.77582951421903,175.8941468645493,41.11831735033027,0.3050867317866683,0.22787540360215391,40.081949708015706
ridge_model,343.79851998722387,293.59679373364685,-50.20172625357702,-0.14602077477076575,0.64200638523117,188.49101626040004
ridge_model,460.28376247761025,472.1974019148274,11.91363943721717,0.02588324943962517,0.4741398461929153,223.8876035165905
ridge_model,306.390461217286,280.9641546794892,-25.42630653779679,-0.08298661269276579,0.5822329027914369,163.58657535938127
ridge_model,251.42113940871516,220.29802948606581,-31.12310992264935,-0.12378875537611421,0.6213200695598877,136.87558700418862
ridge_model,614.63671317069,538.5342129960281,-76.10250017466183,-0.12381704272443533,0.6213466911466858,334.6164513143666
ridge_model,231.1651667910225,251.92772181407435,20.762555023051846,0.08981697074551709,0.4111368023722585,103.57675797556641
ridge_model,117.76366453355408,116.78055385903318,-0.9831106745209013,-0.008348166460468681,0.5083473908143687,59.365089852096375
ridge_model,253.4912438007839,291.38916099075584,37.897917189971935,0.1495038511853116,0.3547978690319272,103.38425337852135
ridge_model,404.59839918890424,391.18419171401746,-13.41420747488678,-0.03315437604740442,0.5331058697428213,208.5425887533438
ridge_model,135.1772701347079,132.1294735164262,-3.0477966182816942,-0.02254666494777177,0.522531395174885,69.0417981402612
ridge_model,360.8585507409454,447.7072180524093,86.84866731146388,0.2406723275176349,0.2763400734160988,123.71944550552013
ridge_model,231.3263184773236,283.25484843664304,51.928529959319434,0.22448172045935996,0.2894767100346137,81.99568162679257
ridge_model,286.40929438543196,278.5822850965121,-7.8270092889198395,-0.02732805618516951,0.5273008763803348,146.89668307542715
ridge_model,508.7118174567975,411.4595441790292,-97.25227327776832,-0.19117360741482578,0.6823720764384409,280.7685035318585
ridge_model,721.7212691270341,575.894591938544,-145.82667718849018,-0.2020540109132109,0.6917292237909457,398.3631190670524
ridge_model,552.2693747461685,665.2663837992368,112.99700905306827,0.20460487982880352,0.3060992550272282,203.63754447560444
ridge_model,510.62689141008207,618.9991637751699,108.37227236508784,0.2122337741865118,0.2996562929873432,185.48699477913274
ridge_model,415.9794524398186,584.3646050949724,168.38515265515377,0.4047919955361611,0.16531964758626144,96.60695057618567
ridge_model,660.0597080304599,572.9725198311942,-87.08718819926571,-0.1319383491216629,0.6289589751161266,360.3762088427324
ridge_model,644.0445755475266,595.4516249426033,-48.59295060492332,-0.07544966986735757,0.5748821599720596,342.3145163058765
ridge_model,710.884313751738,646.3572530825887,-64.52706066914925,-0.09077012872685783,0.5897859347774117,381.21241670947467
ridge_model,478.20015364109577,464.6139400029488,-13.586213638146944,-0.02841114444380506,0.5283806061762185,245.4929952566793
ridge_model,744.4180991800615,640.9879700344776,-103.43012914558392,-0.13894091137696266,0.6354717641137467,407.32975609349893
ridge_model,478.7697584495512,394.9534166521614,-83.81634179738978,-0.1750660736568257,0.6682463670844304,263.92618584539025
ridge_model,104.0560727191975,94.36127118395439,-9.694801535243116,-0.09316901245547876,0.5921054478062118,55.8718227299387
ridge_model,486.18392763702786,603.9412301114851,117.75730247445722,0.24220731246050511,0.2751139190426536,166.15263868741172
ridge_model,657.0936874279021,564.5659002945825,-92.52778713331952,-0.14081369050356599,0.6372052944304889,359.74438072262353
ridge_model,96.3007413779792,119.957155075565,23.656413697585805,0.24565141824541806,0.27237506725381283,32.67333818128307
ridge_model,609.9082747031204,498.1741811275234,-111.73409357559694,-0.18319819259705036,0.6754178273785946,336.4757230732623
ridge_model,502.1012063441772,590.6336993206239,88.53249297644669,0.17632399973912827,0.33063908437321515,195.28658554333597
ridge_model,465.719058488387,625.1068585236096,159.3878000352226,0.3422402350304438,0.20278777406016935,126.76402838974799
ridge_model,308.43591786214927,427.26505673386816,118.8291388717189,0.3852636220040617,0.17638203553603846,75.36188042014062
ridge_model,806.0212701919081,644.788154560841,-161.2331156310671,-0.2000358074826966,0.6900051185649415,444.9071270370229
ridge_model,576.9675719994219,581.1597552764653,4.192183277043341,0.007265890633187166,0.4927346207761151,286.35753162648894
ridge_model,284.2944207006542,291.7287778311822,7.434357130527985,0.02615020411658356,0.47387361299415615,138.24256996523178
ridge_model,478.3662772118347,393.3209275595385,-85.04534965229618,-0.17778291176373118,0.6706511642043295,263.78113797373123
ridge_model,119.4823999754907,139.31993914301947,19.837539167528774,0.16602896469771306,0.33981564791997493,47.34309538805664
ridge_model,532.5097779421501,587.8685679140435,55.35878997189343,0.10395826004514683,0.3975142957304083,233.68615975639472
ridge_model,291.9008795114952,261.266201931095,-30.634677580400194,-0.10494890468185035,0.6034343421870457,157.65699869799818
ridge_model,707.8553931548287,550.1586792400898,-157.6967139147389,-0.22278097396687632,0.7091220507570769,390.1296508645373
ridge_model,435.7154538108565,495.3248857474858,59.60943193662928,0.1368081655476596,0.36650669051639806,181.539884605724
ridge_model,504.0841142440527,522.8860485882713,18.801934344218523,0.03729920029797954,0.4627698350744828,241.9758904679423
ridge_model,497.3770093020007,449.0447851383443,-48.332224163656406,-0.0971742224906695,0.5959689627650862,267.61675483397005
ridge_model,460.8002858653508,550.7065683991921,89.90628253384125,0.1951089990428359,0.31422592651262443,173.0462816918241
ridge_model,272.4960775620536,283.20873945231153,10.712661890257948,0.039313086581286405,0.4607677257407576,130.49344678734835
ridge_model,246.9535423209308,310.9213954313435,63.967853110412705,0.2590278823669704,0.2619009734624864,81.43061613378354
ridge_model,482.7422075016093,535.9755416416638,53.23333414005447,0.11027279842705075,0.3914809903735613,209.82423585788447
ridge_model,205.495759583372,224.85187107803247,19.356111494660468,0.0941922671976473,0.4069063941286543,91.49366407344326
ridge_model,531.6062153403296,503.16372434536913,-28.442490994960508,-0.053502931632866395,0.5532996552094258,278.4003151941833
ridge_model,550.9983736824666,530.1984113466849,-20.799962335781743,-0.03774958934410303,0.53767802670109,285.07603557293834
ridge_model,396.9586997774456,458.6521570809559,61.693457303510286,0.155415304761172,0.34940372743631165,160.25477328079072
ridge_model,318.2115758092651,417.0925320473481,98.88095623808294,0.310739657998337,0.22392141291185086,93.39594909102361
ridge_model,427.05506120680275,494.8375881219016,67.78252691509886,0.15872081394739626,0.34640410048468767,171.4137695993797
ridge_model,448.31285347772814,615.4172487859771,167.10439530824897,0.37274058508909247,0.18377732933366073,113.09973840775594
ridge_model,455.4083398759809,591.6204380331412,136.2120981571603,0.29909882237609936,0.23211709507224543,137.32521746162212
ridge_model,179.17081970350634,137.14820590065608,-42.02261380285026,-0.23453938466313712,0.7187273386165324,98.57216502301074
ridge_model,104.18588264010208,112.79807417798321,8.612191537881131,0.0826617898667801,0.4180831676274567,47.15897615460805
ridge_model,91.67748868757226,87.26549640117634,-4.411992286395929,-0.048125143364600206,0.5479770796814138,47.81949187486554
ridge_model,264.08573637935564,302.2687249278373,38.18298854848166,0.1445855769114024,0.35931411778482236,108.609420231389
ridge_model,424.65693227127065,379.7785546459856,-44.878377625285054,-0.10568149066884129,0.6041353644310281,229.43765551414162
ridge_model,218.9504185416184,256.3718065834192,37.42138804180078,0.170912612504039,0.3354470475751247,85.99916559990889
ridge_model,248.17033364227856,312.92529045241463,64.75495681013606,0.26092948282640477,0.2604332538730304,81.49615161168548
ridge_model,422.4367392307234,378.35820374702917,-44.078535483694225,-0.10434351795244716,0.6028547178764925,228.09502817617172
ridge_model,280.5240756909656,296.9603779411309,16.436302250165284,0.058591413979996655,0.44167530989696696,131.1600669542694
ridge_model,565.9834811108678,475.40739020674874,-90.5760909041191,-0.16003309977588653,0.654783388991337,311.28886211110193
ridge_model,828.2131345744126,676.0766961203778,-152.13643845403476,-0.1836923759150619,0.6758510334612892,456.9271337720513
ridge_model,132.84680584297232,169.79170861836826,36.944902775395946,0.2781015511887097,0.2474225698152895,42.010300879685516
ridge_model,86.17345483820148,57.57788639561096,-28.59556844259052,-0.33183732155431517,0.7904018376199468,45.509667213363436
ridge_model,545.3868063047398,567.2969652081299,21.910158903390084,0.04017361375468915,0.45991261288264557,260.9070295492663
ridge_model,531.0619846358322,510.644196288008,-20.417788347824228,-0.03844709080772449,0.5383714940299379,274.91627887329173
ridge_model,108.6023564641184,129.27365281782087,20.671296353702473,0.19033929858172233,0.3183516771864466,41.15448419057168
ridge_model,462.66304412150464,385.18493067629146,-77.47811344521318,-0.1674612105497362,0.6614684159050289,254.78766592493488
ridge_model,254.9510771161675,322.38803778046235,67.43696066429484,0.26450941657943045,0.2576846377702307,83.07444473691389
ridge_model,271.0126649576171,261.6220247814745,-9.390640176142597,-0.03465018942052458,0.5345948261027724,139.8617808427076
ridge_model,424.48842846396354,584.554426376335,160.06599791237142,0.3770797675017425,0.181188040504358,105.91427108327713
ridge_model,151.77728650517233,187.2469044541681,35.46961794899576,0.23369516457778428,0.28195582989599477,52.795356340831006
ridge_model,383.07490640970946,344.6998974410363,-38.37500896867317,-0.10017625359054454,0.5988570355973462,206.42595875224825
ridge_model,97.78450586126137,101.64349828955642,3.8589924282950534,0.0394642524836222,0.4606174940877437,46.81877347244734
ridge_model,119.59407325541466,117.74221603235532,-1.8518572230593406,-0.015484523376876431,0.5154795749667623,60.693707476003226
ridge_model,126.57277068445282,130.37228335049193,3.7995126660391065,0.030018404791906858,0.4700176095825407,61.277268976215886
ridge_model,829.5343798843528,666.4608718741122,-163.07350801024063,-0.1965843875367469,0.687044391105918,457.8882039126686
ridge_model,418.815349545453,425.6142971177695,6.798947572316536,0.016233759292001933,0.4837719425208646,205.9002552813158
ridge_model,233.21310275336953,200.2604795697339,-32.95262318363564,-0.14129833527614488,0.6376533255749177,127.69676077886868
ridge_model,701.141472496938,584.6322065341877,-116.5092659627503,-0.1661708378878688,0.6603116523828572,386.03945833282535
ridge_model,388.72966746525947,439.93052811027655,51.20086064501709,0.13171328285509074,0.37125114374677876,163.32471173006456
ridge_model,528.60807288888,628.9390313988744,100.33095850999439,0.18980216847933992,0.31881809631859015,200.51714469104712
ridge_model,382.03843862699455,362.148853897015,-19.88958472997956,-0.05206173703740548,0.5518744035265847,199.8606827322514
ridge_model,587.331264277609,580.4639396876223,-6.8673245899866515,-0.01169242130917916,0.5116902904383859,297.01776188776915
ridge_model,167.7398193291184,178.01709470990656,10.277275380788154,0.061269145405619826,0.43903568880849236,78.15585779565045
ridge_model,304.8360144837103,353.4084596228982,48.57244513918789,0.1593395886029191,0.3458439308570467,122.22417087411698
ridge_model,354.1540979676975,434.8982732692667,80.74417530156921,0.22799164478095044,0.2865975829579745,124.64079395156853
ridge_model,250.4603273046531,226.1434837816274,-24.31684352302571,-0.09708860395062634,0.5958864957167492,134.75584807981147
ridge_model,495.2197782062817,585.0613646177534,89.84158641147167,0.181417605607118,0.3261455415360995,190.81515559510652
ridge_model,301.5483736351267,294.81605390504603,-6.73231973008069,-0.022325836644129245,0.5223110109255383,153.9856711522226
ridge_model,433.03454356764814,353.0318345770181,-80.00270899063003,-0.18474902332620052,0.676776290489362,238.9235754296884
ridge_model,671.4712089285143,582.6816406591932,-88.78956826932108,-0.13223138548412985,0.6292324768371972,366.6422119595459
ridge_model,49.71329085631081,86.1405464748646,36.427255618553794,0.7327468166177449,0.050642837931704855,4.362401734475058
ridge_model,408.12976999912195,430.1832652561487,22.053495257026725,0.05403549772189902,0.44617389044390665,191.93654106319892
ridge_model,329.4837131421355,405.3931029953091,75.9093898531736,0.23038889882980998,0.2846410370888383,115.39151326524703
ridge_model,383.3178042225475,322.2755304770147,-61.04227374553284,-0.15924716533671046,0.6540724265314848,210.79153823082248
ridge_model,313.06815696851334,362.8827429248919,49.81458595637855,0.159117383379839,0.34604504159957833,125.5737738712133
ridge_model,706.6896358975697,639.6854223668103,-67.00421353075944,-0.09481420149264973,0.5936938410729659,379.7772954833341
ridge_model,142.6153122038585,116.40156799209717,-26.213744211761338,-0.18380736126209676,0.6759517876203768,78.68184796607291
ridge_model,708.8224028092762,616.090688870943,-92.7317139383332,-0.13082503257629774,0.627919122788653,386.8551249140995
ridge_model,593.065918046481,623.3893781919196,30.323460145438617,0.05112999958810994,0.4490474820372928,279.9314306058751
ridge_model,604.3834014812801,480.82607972588966,-123.55732175539043,-0.20443533269207004,0.6937566770895994,333.57630332865205
ridge_model,100.2582627032478,77.32969939675297,-22.928563306494823,-0.22869499917787892,0.7139773012036272,55.21165007818145
ridge_model,685.7612504810801,595.546968388123,-90.21428209295709,-0.13155348458325594,0.6285996411426636,374.36061061237535
ridge_model,446.41301231617626,523.8291649853696,77.41615266919337,0.17341822602241405,0.3332165161205699,174.5485293987721
ridge_model,291.107936848218,294.84704737408583,3.7391105258678294,0.012844412853701683,0.4871584118108677,143.63721932588334
ridge_model,193.64239387562827,173.03449677819248,-20.607897097435796,-0.10642244544173389,0.6048439598151789,104.65887021594875
ridge_model,304.52612995371493,389.65711014076925,85.13098018705432,0.2795523004872962,0.24634360926846116,95.9895388891954
ridge_model,386.8349332947659,340.6043798568155,-46.23055343795039,-0.11950976878999443,0.6172847241326577,210.2498806582893
ridge_model,230.83258579661484,328.0272381466849,97.19465235007007,0.4210612293522011,0.15653418969510663,51.347477921215095
ridge_model,333.9106726820272,318.22498832752797,-15.685684354499244,-0.04697569032013611,0.5468379606107384,174.01750363240143
ridge_model,353.8098038704909,397.96786899189567,44.158065121404775,0.12480735309858305,0.37772177682746755,150.32113059585967
ridge_model,293.19813425701705,307.9884544002298,14.790320143212739,0.05044479624910425,0.4497256640732852,138.51031218204804
ridge_model,447.0830688438079,550.3551763632324,103.27210751942454,0.2309908710846384,0.2841509958344189,156.38397142623973
ridge_model,584.888884974888,538.0394504803129,-46.84943449457512,-0.08009971756701546,0.5794214568127747,311.75160222004763
ridge_model,488.1872511532145,559.3963183778792,71.2090672246647,0.14586424995009994,0.3581375265786743,200.34081384107026
ridge_model,246.7577555097292,264.98411099346595,18.22635548373674,0.07386335414701123,0.426669307685072,113.0605871851264
ridge_model,312.1731588463509,404.4203345517802,92.2471757054293,0.2955000232766092,0.23469276476273587,94.91452644222788
ridge_model,576.281119337865,648.5293211238774,72.24820178601237,0.125369718634933,0.37719319078371677,244.620843951513
ridge_model,381.391205400882,366.8287848585472,-14.562420542334792,-0.03818237110902483,0.538108322725994,197.3936221478473
ridge_model,543.7702542024564,484.1254134396396,-59.644840762816784,-0.10968757540865748,0.6079612123887578,294.3294733029719
ridge_model,472.5224037960476,516.6540555759275,44.13165177987986,0.09339589281977871,0.40767538904366285,210.62714310790244
ridge_model,286.05897011629656,350.1908945231526,64.13192440685606,0.2241912721030331,0.2897157260744662,101.45580927144198
ridge_model,88.95619552388446,84.06450855940443,-4.89168696448003,-0.05498984006309743,0.5547691970982828,46.636399917962514
ridge_model,646.9811778631195,519.7424945159839,-127.23868334713552,-0.1966652009373527,0.6871138910811524,357.12228776710225
ridge_model,292.9246564000302,269.164357573732,-23.760298826298197,-0.08111402815422317,0.5804098554077225,156.2256458602823
ridge_model,395.769846813748,355.7368333436888,-40.033013470059245,-0.10115225753643393,0.5997945237111938,213.36900452190613
ridge_model,279.6798100890559,338.226819736111,58.54700964705512,0.20933584597476854,0.30209459288127316,102.17649340970821
ridge_model,192.50297743378897,151.10309657162662,-41.39988086216235,-0.2150609897782062,0.7027116218749349,106.18190206217265
ridge_model,351.77029329216225,375.5337686149458,23.763475322783563,0.06755395715876113,0.43285411018675457,162.55133525890096
ridge_model,555.4019371049674,456.89106596804555,-98.51087113692182,-0.17736861281112873,0.6702850223475653,306.24723836279435
ridge_model,395.3781570382596,471.69218480013615,76.31402776187656,0.19301528524877987,0.31603340882389697,149.07048907797858
ridge_model,261.5103067801241,283.8972511630674,22.386944382943284,0.0856063558587236,0.415220433284392,117.8799396361767
ridge_model,397.5648404411393,358.2648078774209,-39.300032563718446,-0.09885188167070054,0.5975837706833644,214.0932347945403
ridge_model,735.2764383329761,587.9659128343463,-147.31052549862977,-0.20034713179795782,0.690271422181602,405.8560668464681
ridge_model,289.4570095389695,373.22213870952294,83.76512917055345,0.2893871159104758,0.23911302744011037,89.24227549450684
ridge_model,97.6750013649232,123.83450452105504,26.159503156131834,0.26782188677323293,0.255158305439706,31.59740232855802
ridge_model,197.46392160702553,167.0279327250458,-30.43598888197974,-0.15413442938984387,0.6494306975134636,108.47306685385836
ridge_model,762.8822843495781,645.1222497100582,-117.76003463951986,-0.15436199929576327,0.6496379130996166,419.095871995772
ridge_model,512.44939271165,493.8227761011021,-18.626616610547956,-0.03634820701412941,0.5362843114588373,264.8294074640711
ridge_model,484.4661863877365,395.2926942150709,-89.17349217266559,-0.18406546148774292,0.676177884622658,267.28817778113785
ridge_model,353.01840875622844,331.22285761817255,-21.795551138055885,-0.06174055119348316,0.5614286552667012,185.95800354616463
ridge_model,539.7316715337728,547.7301097424045,7.998438208631683,0.014819286379660221,0.4851850514054615,265.75046145168756
ridge_model,114.16365482248573,85.06469869177658,-29.09895613070914,-0.25488809180080485,0.7348853968534941,62.51280485632913
ridge_model,521.4080460440558,587.1423640486794,65.73431800462356,0.1260707779700611,0.3765346508079611,221.07944502163028
ridge_model,450.3878805106937,473.78291778905816,23.39503727836444,0.05194419808063411,0.4482418730963397,212.36934251081658
ridge_model,82.69156896202661,81.71337886409952,-0.978190097927083,-0.01182938128040943,0.511827174660148,41.823127835946316
ridge_model,34.57409278115731,75.97932779731428,41.40523501615697,1.1975797970532027,0.05,3.7989663898657144
ridge_model,535.1718879088473,517.817934695651,-17.35395321319629,-0.03242687742998954,0.5323814912013722,275.6766842440855
ridge_model,333.4011668412356,423.40162948175885,90.00046264052327,0.26994645367687375,0.25354655138037746,107.3520230039323
ridge_model,179.8388198801664,165.86917703410148,-13.969642846064914,-0.077678683920265,0.5770597104104004,95.71641926531004
ridge_model,241.9912178461052,253.9467849476233,11.955567101518113,0.04940496274175239,0.4507551986264657,114.46783348961831
ridge_model,369.3803924019288,317.43836218033454,-51.94203022159428,-0.14061934875274948,0.6370255676807364,202.2163528715708
ridge_model,704.3001292247022,680.7173253833187,-23.582803841383566,-0.0334840260037204,0.5334340601413827,363.1178066878064
ridge_model,466.9720738288303,436.24722665174625,-30.72484717708403,-0.06579589851093814,0.5654187280676665,246.66235201647737
ridge_model,41.12164471941277,65.65548857124088,24.53384385182811,0.5966163080108061,0.08421063003577436,5.528890057890778
ridge_model,404.02979977887577,481.2620885901493,77.23228881127352,0.1911549317737021,0.31764411484776833,152.87007014000625
ridge_model,423.75441798529033,499.34085762834616,75.58643964305583,0.17837321909804757,0.3288275020685647,164.19700689470386
ridge_model,165.72466245477892,205.32494366898456,39.60028121420564,0.2389522514490643,0.2777180858920701,57.022450341647506
ridge_model,578.8213877560842,589.7226950779059,10.901307321821719,0.018833629082164356,0.4811752730568617,283.75997883193975
ridge_model,707.4493979183783,607.2285210126769,-100.2208769057014,-0.14166508191341248,0.6379922066155395,387.4070640407682
ridge_model,542.8095730212775,487.6543807145278,-55.15519230674971,-0.10161057403567142,0.6002345021943508,292.70698445107905
ridge_model,513.9900766589533,526.5702746645886,12.580198005635339,0.024475565924169874,0.4755439649149605,250.40731622035824
ridge_model,298.3556200090825,252.5161345628764,-45.83948544620608,-0.15364042897804522,0.648980687565965,163.87809463011527
ridge_model,183.2701656673754,205.26842497247256,21.99825930509715,0.12003186238737133,0.3822220303272344,78.45811415505204
ridge_model,468.3069201504469,604.8292984267812,136.52237827633428,0.2915232989349709,0.23756188334062062,143.6843872338524
ridge_model,220.4983368386397,273.74851448617017,53.25017764753048,0.24149922584903155,0.27567912290647956,75.4667503704991
ridge_model,265.94661511348426,286.66502762515256,20.718412511668305,0.07790440387003002,0.42271994646521194,121.179025131153
ridge_model,311.4894374116108,370.7383992798146,59.248961868203764,0.1902117849020689,0.31846237129635036,118.0662297652629
ridge_model,647.8477765247827,536.7432952584529,-111.1044812663298,-0.17149781984638734,0.6650745743903644,356.97431865089726
ridge_model,383.9141419544756,377.8277688399478,-6.086373114527817,-0.015853474642904757,0.5158481641171955,194.90176090858319
ridge_model,557.916185756397,457.1153646397325,-100.80082111666451,-0.18067377088191736,0.6732002165250058,307.7301624523749
ridge_model,228.7960083986281,281.62380723473086,52.82779883610277,0.23089475732488146,0.2842292040182719,80.04571056292279
ridge_model,237.76862211931405,235.82279793598323,-1.9458241833308136,-0.00818368784739975,0.5081829571469603,119.84112681777803
ridge_model,297.0874038526085,411.836322218932,114.74891836632355,0.38624632642874684,0.17581172630953212,72.40565476627916
ridge_model,794.3231511066332,632.0806568050441,-162.2424943015891,-0.20425250614382381,0.6936012829707169,438.411954500952
ridge_model,563.8497971641384,520.1452800867686,-43.704517077369815,-0.07751092098849739,0.5768959238538774,300.0696918938902
ridge_model,339.2870734791633,426.75585441128493,87.4687809321216,0.25780168998243114,0.262850215480542,112.17286828958905
ridge_model,248.94765537056492,282.0069405503802,33.05928517981528,0.13279612989568304,0.37024066004454614,104.41043580651585
ridge_model,279.2686999169939,233.68173758794438,-45.58696232904953,-0.1632369196497824,0.6576744075439178,153.6864983219846
ridge_model,145.04223833476908,133.51792055844098,-11.524317776328104,-0.07945490850554207,0.5787927885425428,77.27920956042176
ridge_model,241.8259564507362,197.66725335916541,-44.15870309157077,-0.18260530730317448,0.674897701626381,133.40517497890028
ridge_model,430.60985477056624,376.3699023552488,-54.23995241531742,-0.12596077821817867,0.6233620510397385,234.61471428179402
ridge_model,219.99370680056552,297.0009503795984,77.00724357903289,0.3500429384957067,0.19778885809280974,58.74347882806002
ridge_model,366.7282586383836,347.32042024194317,-19.40783839644041,-0.052921578687443675,0.552724837431628,191.97262281491277
ridge_model,356.8814026432877,381.91170111869985,25.030298475412167,0.0701361805070874,0.4303202352606097,164.34433307417856
ridge_model,441.4714772887345,469.66829030375766,28.196813015023167,0.06387006741226382,0.4364750808112028,204.99850496479206
ridge_model,230.1431447581205,210.9226224653933,-19.220522292727225,-0.08351551080492932,0.5827474050374001,122.91461090539116
ridge_model,158.89198003545,184.1962225809486,25.304242545498596,0.15925437230911862,0.3459210508505345,63.717350877900685
ridge_model,766.9193242115463,617.1141247169686,-149.80519949457766,-0.19533371342362413,0.6859677341402386,423.32037783803554
ridge_model,466.7229822330101,570.4299897844371,103.70700755142701,0.22220248734109174,0.29135547314535337,166.19789956994376
ridge_model,233.50662384935427,283.3902494666494,49.88362561729511,0.21362831081604478,0.2984869595932923,84.5882939416848
ridge_model,104.1037337805616,116.82231581843999,12.718582037878392,0.12217219859460242,0.3802025028015301,44.41613685724167
ridge_model,38.33576819209958,73.91083483849081,35.575066646391235,0.9279862729794657,0.05,3.695541741924541
ridge_model,761.0167600703148,617.9073821539722,-143.10937791634262,-0.18805023151279862,0.6796580807016236,419.9657454061334
ridge_model,284.8625062809567,284.7219588449075,-0.14054743604924624,-0.0004933869250965091,0.5004933867649559,142.50145746864013
ridge_model,216.06019585156733,220.17652649903854,4.116330647471216,0.019051776896005047,0.480957438055528,105.89553810494264
ridge_model,39.37370119886104,54.26744987949735,14.893748680636307,0.37826641202496697,0.18048490858172284,9.794455730464305
ridge_model,471.7821019342959,501.33271068117386,29.55060874687797,0.06263613779692181,0.4376894710483896,219.42804895729833
ridge_model,508.6730024657942,562.1196715059293,53.446669040135134,0.10507077981542605,0.3964490041678658,222.85178399169354
ridge_model,95.11851081754354,84.32390212300635,-10.794608694537189,-0.11348588830667694,0.6115764389346632,51.57051177746331
ridge_model,735.1444900755255,600.1691604351223,-134.97532964040317,-0.18360381049246036,0.6757734182461211,405.57836507314727
ridge_model,456.60307303079816,411.9279782694471,-44.67509476135103,-0.09784229980059217,0.5966122626324639,245.76128315695127
ridge_model,122.24187517858556,119.10261181671589,-3.1392633618696664,-0.025680752665839385,0.5256581944909112,62.60726388672674
ridge_model,599.8171406236374,535.9004735499102,-63.91666707372724,-0.10656025435897393,0.604975701791683,324.2067650763522
ridge_model,438.5186068324803,535.7974146763368,97.27880784385644,0.22183507456279541,0.2916590012974766,156.27013886227033
ridge_model,516.1330392078827,575.3701218807124,59.23708267282973,0.11477095665827126,0.38720318814006294,222.78514555274845
ridge_model,397.4831040703401,362.3445839947098,-35.13852007563031,-0.08840255023622857,0.5874927686135841,212.87482284318943
ridge_model,317.8400260939533,285.7292060976582,-32.110819996295106,-0.10102824490331236,0.5996754453267056,171.34478890945923
ridge_model,330.78364034759613,445.5590862519347,114.77544590433854,0.34698041832942367,0.19973975715468836,88.99586368602628
ridge_model,743.3166378180009,631.9532222084711,-111.36341560952985,-0.1498196191819897,0.6454912157291026,407.92025368726974
ridge_model,274.17127731249116,230.434597212058,-43.73668010043315,-0.15952320217184368,0.654322210253624,150.7784749666974
ridge_model,462.4075929220183,453.26153342909754,-9.146059492920756,-0.019779215637713746,0.519768904794719,235.59125081601695
ridge_model,533.0802632142761,521.1671502553013,-11.913112958974807,-0.022347690922082088,0.5223328216463429,272.2227081422351
ridge_model,143.2178421949143,165.03278003907593,21.81493784416162,0.15231997291561114,0.3522234818609767,58.12842040656002
ridge_model,574.9456425421428,587.6343686752834,12.688726133140676,0.02206943612449521,0.47794488490168735,280.85684070078406
ridge_model,215.74176164066196,279.9376856400038,64.19592399934183,0.2975590980213934,0.23321665990088783,65.28613202534642
ridge_model,129.7685299495176,135.13014436279872,5.361614413281103,0.04131675387990348,0.45877703098880784,61.99460642785378
ridge_model,321.0007657787772,392.3191813962098,71.3184156174326,0.22217521956499892,0.29137799329185715,114.3131758051317
ridge_model,172.59277503910292,174.37721045511387,1.7844354160109503,0.010338992554043271,0.48966248077290564,85.38597746171011
ridge_model,455.20978516158993,365.98377751751434,-89.2260076440756,-0.1960107417559186,0.6865508110796399,251.26645929663994
ridge_model,199.83974409069756,210.93807395305285,11.098329862355286,0.05553614929229639,0.444691113457884,93.80228697684454
ridge_model,281.0970650985199,359.57529398018687,78.47822888166695,0.27918551498985456,0.24661609791260636,88.67705590717198
ridge_model,413.54800185803066,530.2213707752228,116.67336891719214,0.28212775395598605,0.24443599232685037,129.60518691834446
ridge_model,134.09432585149492,131.6678571710009,-2.4264686804940254,-0.01809523755077646,0.5180873416053666,68.21545009659896
ridge_model,378.50396161301137,347.561719340707,-30.942242272304384,-0.08174879369939128,0.5810280774728561,201.94311759169136
ridge_model,162.05358553352147,127.66127050854217,-34.3923150249793,-0.21222804118619826,0.7003388944257481,89.40615304893879
ridge_model,513.1161277813304,584.9184898720783,71.80236209074792,0.1399339412721543,0.36360860078243445,212.68139367416097
ridge_model,308.6385554813678,334.5344766293181,25.895921147950276,0.08390371419267995,0.41687507248002925,139.45908419191562
ridge_model,239.08854651007988,228.973503617352,-10.115042892727871,-0.04230668110361123,0.5422060056237651,124.15080879004316
ridge_model,562.1650160715976,604.3461204805837,42.18110440898613,0.07503331442384512,0.4255249075603082,257.16432705193125
ridge_model,467.0198948894929,461.2120408797278,-5.807854009765094,-0.012435988430727045,0.5124334247011498,236.34046562140563
ridge_model,327.43334173812747,250.38846366238226,-77.0448780757452,-0.23529942817296737,0.7193415262991754,180.11481961860366
ridge_model,332.0936161256213,405.188556521694,73.09494039607273,0.22010341917690782,0.2930920622639724,118.75754963670543
ridge_model,457.0853188522962,429.05889655590033,-28.02642229639588,-0.06131551625146905,0.561009992144367,240.70632818629642
ridge_model,552.8162271192283,633.6324289416775,80.81620182244922,0.14618999562221466,0.35783805878012287,226.73779835262403
ridge_model,281.0521288708149,373.0391639201605,91.9870350493456,0.32729527941639347,0.2126239050303925,79.31704376197722
ridge_model,288.3451530321269,337.7210854415412,49.375932409414304,0.17123898872651735,0.33515608393615587,113.18927645925486
ridge_model,666.8242060496077,540.703499005363,-126.12070704424468,-0.1891363659267973,0.6806032471422536,368.0045571642284
ridge_model,436.0192372930386,424.70584145094136,-11.313395842097236,-0.02594701076111869,0.5259237441479113,223.36288629736828
ridge_model,248.22030676592635,216.04039047688644,-32.17991628903991,-0.12964256111159275,0.6268133809148027,135.41700756897131
ridge_model,493.2338839519256,616.4467880310137,123.21290407908816,0.24980624423422104,0.2690938274373397,165.88202560271995
ridge_model,291.5110820764234,274.4792237753198,-17.031858301103625,-0.05842610915436314,0.5581616283104356,153.2037704798169
ridge_model,459.0606514814432,512.0066951586592,52.94604367721604,0.11533561743171164,0.3866674010845036,197.97629815486445
ridge_model,603.9358824371426,590.3034924825754,-13.632389954567202,-0.02257257823389233,0.5225572557796403,308.46737310883213
ridge_model,502.6040622268877,659.0689730363699,156.4649108094822,0.3113084882685451,0.22352625461399506,147.31921907511187
ridge_model,74.78832688768996,98.41948858178665,23.63116169409669,0.3159739317284599,0.22030399356003924,21.682206378704283
ridge_model,126.23081147979764,119.4619886661666,-6.768822813631033,-0.05362258813264728,0.5534179489829802,66.11240874905795
ridge_model,319.94237960548924,349.1251256686613,29.18274606317209,0.09121250551163745,0.40978602146246695,143.06659624034452
ridge_model,207.61291922267668,284.78326703998226,77.17034781730558,0.37170301398505934,0.1844007025996296,52.51423453079067
ridge_model,304.74417790488224,355.3247969801428,50.580619075260586,0.16597731061837703,0.3398620019597185,120.76139684760187
ridge_model,481.7658793191911,614.9480442871233,133.18216496793218,0.2764458229298824,0.2486578488218874,152.91165782966283
ridge_model,83.3353748167845,68.17338722056036,-15.161987596224137,-0.1819393940395451,0.6743129953453073,45.97020093953155
ridge_model,513.6451022177532,455.37010429658244,-58.27499792117078,-0.11345381795632473,0.611545965162048,278.47974993799596
ridge_model,561.374877548703,662.9403594414882,101.56548189278521,0.18092274156670599,0.3265807253971208,216.50354348142923
ridge_model,516.51117285383,556.3357279205519,39.82455506672193,0.07710298858915889,0.4235024100478287,235.60952157006682
ridge_model,666.4286805847338,618.8384047051718,-47.590275879562,-0.07141090602194015,0.5709292870596812,353.31296920347415
ridge_model,573.2085393656391,479.77769374628065,-93.43084561935848,-0.16299625564328984,0.6574576434544489,315.43351191243994
ridge_model,283.79792515074917,277.4429634129622,-6.354961737786994,-0.022392558840630475,0.5223775998729141,144.9299893292919
ridge_model,66.78323718712389,63.22277422463452,-3.5604629624893676,-0.05331372231197923,0.5531125884150028,34.96931229816492
ridge_model,289.2390324634591,400.42047205341254,111.18143958995341,0.3843929314899761,0.17688855167580675,70.82979736287099
ridge_model,147.42638660593482,149.7199465942698,2.2935599883349767,0.015557323496407574,0.48444769501871776,72.53148302591953
ridge_model,552.2304431046015,459.3746754656231,-92.85576763897836,-0.16814677422879776,0.662082211218289,304.14380090996366
ridge_model,632.5601419476765,607.5172796759655,-25.042862271710987,-0.039589693708179385,0.5395071664426003,327.7599261228969
ridge_model,494.74525748477635,539.7440017772923,44.99874429251594,0.09095336157699416,0.4100367525855981,221.3148777163162
ridge_model,118.98653335805044,101.2776715805652,-17.70886177748524,-0.1488308069636444,0.6445856070525323,65.28212941662562
ridge_model,91.38952597435124,88.79358012943999,-2.595945844911256,-0.028405288431409704,0.5283747690270499,46.916287391977704
ridge_model,424.15598670174626,376.9371247309698,-47.21886197077646,-0.11132428505360067,0.6095205068629097,229.75090732146853
ridge_model,157.36483032789283,162.7582492518894,5.393418923996563,0.03427334375005253,0.4657802350166366,75.80957558744136
ridge_model,279.09504825213924,245.39949221659097,-33.695556035548265,-0.1207314721152169,0.6184385422829325,151.76450424340035
ridge_model,655.065105532243,532.2968398639929,-122.76826566825014,-0.18741383815353807,0.679103597598364,361.48469894187787
